headline,brand_extracted,farbe_filled,storage_gb
ASUS G56JR-CN169H ,ASUS,Schwarz,16.0
LENOVO IdeaPad Yoga2 Pro 13 Orange,LENOVO,Orange,8.0
LENOVO IdeaPad Flex2-15 schwarz,LENOVO,Schwarz,8.0
LENOVO IdeaPad Flex2-15 schwarz,LENOVO,Schwarz,8.0
LENOVO IdeaPad Yoga2 Pro 13 Orange,LENOVO,Orange,8.0
LENOVO IdeaPad Yoga2 Pro 13 Silber,LENOVO,Silber,8.0
Lenovo IdeaPad Yoga2 Pro silber,Lenovo,Silber,8.0
LENOVO IdeaPad Yoga2 13 Silber,LENOVO,Silber,8.0
Acer Aspire E3-111-25U1,Acer,Pink,4.0
LENOVO Yoga2 13 Silber,LENOVO,Silber,8.0
LENOVO Yoga 3 Pro Silber,LENOVO,Silber,8.0
LENOVO Yoga 3 Pro Silber,LENOVO,Silber,8.0
LENOVO Yoga 3 Pro Orange,LENOVO,Orange,8.0
LENOVO Yoga 3 Pro Gold,LENOVO,Gold,8.0
LENOVO Yoga 3 Pro Orange,LENOVO,Orange,8.0
LENOVO Yoga 3 Pro Gold,LENOVO,Gold,8.0
Toshiba Satellite Pro C70-B-14H,Toshiba,Schwarz,8.0
Lenovo Yoga 3 14 silber,Lenovo,Silber,8.0
Lenovo Yoga 3 14 weiss,Lenovo,Weiß,8.0
LENOVO Yoga 3 Pro Silber,LENOVO,Silber,8.0
LENOVO Yoga 3 Pro Orange,LENOVO,Orange,8.0
LENOVO Yoga 3 Pro Silber,LENOVO,Silber,8.0
LENOVO Yoga 3 Pro Silber,LENOVO,Silber,8.0
LENOVO Yoga 3 Pro Orange,LENOVO,Orange,8.0
LENOVO Yoga 500 schwarz,LENOVO,Schwarz,8.0
LENOVO Yoga 500 weiss,LENOVO,Weiß,8.0
LENOVO Yoga 500 schwarz,LENOVO,Schwarz,8.0
Sony SV-E1713C1E/B ,Sony,Schwarz,
Sony SV-E1713Y1E/B ,Sony,Schwarz,
Sony SV-F15A1Z2E/S ,Sony,Silber,8.0
Sony SV-F1421P2E/B ,Sony,Schwarz,4.0
Sony SV-F1421P2E/W ,Sony,Weiß,4.0
Sony SV-F1521P2E/B ,Sony,Schwarz,4.0
Sony SV-F1521P2E/B ,Sony,Weiß,4.0
Sony SV-F1521W1E/B ,Sony,Schwarz,8.0
Sony SV-P1321M2E/B ,Sony,Schwarz,4.0
Toshiba Satellite Pro C70-A-10J ,Toshiba,Schwarz,4.0
Toshiba Satellite Pro C70-A-11Q ,Toshiba,Schwarz,4.0
Toshiba Satellite Pro C50-A-169 ,Toshiba,Schwarz,4.0
"WD NAS 1TB SATA 3,5""",WD,Rot,1024.0
"WD NAS 2TB SATA 3,5""",WD,Rot,2048.0
"WD NAS 3TB SATA 3,5""",WD,Rot,3072.0
Trust Carve Optische Maus Mit USB Schwarz,Trust,Schwarz,
"HP ENVY 15-j011sg Notebook 39.6 cm (15.6"") Full HD Silver Aluminium Soft ",HP,Silber,
"HP ENVY 15-J013SG Notebook 39.6 cm (15.6"") Full-HD Silver Aluminium Soft ",HP,Silber,
"Western Digital 4TB SATA 3,5"" WD40EFRX Red™ Serie",Western,Rot,4096.0
WD Red™ Mobile 750GB SATA-III WD7500BFCX,WD,Rot,750.0
WD Red™ Mobile 1 TB SATA-III WD10JFCX,WD,Rot,1024.0
Keysonic ACK-3400U USB Tastatur,Keysonic,Schwarz,
Western Digital My Passport® Slim 3.0 1TB Silber,Western,Silber,1024.0
"Sony Vaio Fit 15E-Serie SVF1521F2EW Touchscreen-Notebook 39,5 cm (15,5"") Weiß ",Sony,Weiß,
"Sony Vaio Fit 15E-Serie SVF1521V6EB Notebook 39,5 cm (15,5"") Schwarz",Sony,Schwarz,
"Samsung ATIV Book 9 Lite 915S3G-K02DE Touch-Notebook 33,78cm (13,3"") Marble Weiß",Samsung,Weiß,128.0
"Lenovo Ideapad G700 Business Notebook 43.9 cm (17.3"") Schwarz mit Windows® 8 Professional (64 Bit)",Lenovo,Schwarz,
"Lenovo Ideapad G700 Business Notebook 43.9 cm (17.3"") Schwarz Windows® 8 Professional (64 Bit)",Lenovo,Schwarz,
Western Digital My Book 3.0 3TB,Western,,3072.0
"USB-Kfz-Ladegerät 5 V/2,4 A",USB-Kfz-Ladegerät,Schwarz,
Hama Knallbunt 2.0 Blau,Hama,Blau,
Hama Knallbunt 2.0 Rot,Hama,Rot,
Hama Knallbunt 2.0 Gelb,Hama,Gelb,
"Western Digital 2TB SATA 3,5"" WD2003FZEX Desktop Black",Western,Schwarz,2048.0
"Western Digital 1TB SATA 3,5"" WD1003FZEX Desktop Black",Western,Schwarz,1024.0
"Western Digital 4TB SATA 3,5"" WD4003FZEX Desktop Black",Western,Schwarz,4096.0
"Western Digital 3TB SATA 3,5"" WD3003FZEX Desktop Black",Western,Schwarz,3072.0
Buffalo DriveStation Mini Thunderbolt 512GB,Buffalo,,512.0
Buffalo DriveStation Mini Thunderbolt 1TB,Buffalo,,1024.0
WD Elements 2TB USB 3.0,WD,,2048.0
WD Elements 3TB USB 3.0,WD,,3072.0
Huawei Ascend Y300 im Tarif Congstar Smart M,Huawei,,4.0
"Samsung Galaxy S 3 Mini i8190 im Tarif Congstar Allnet Flat S, Blau",Samsung,Blau,8.0
USB-Maus Hama Cino Blau,USB-Maus,Blau,
Hama Lasermaus Mirano,Hama,Weiß,
"Western Digital 4TB SATA 3,5"" WD40EFRX WD Red™ Serie",Western,Rot,4096.0
Alcatel One Touch Pop C5 5036D Smartphone,Alcatel,,4.0
Alcatel One Touch Pop C5 5036D Smartphone,Alcatel,,4.0
Alcatel One Touch Idol 2 Mini S 6036Y,Alcatel,,8.0
Alcatel One Touch Idol 2 Mini S 6036Y,Alcatel,,8.0
"chiliGreen externe Festplatte 2,5"" 500 GB",chiliGreen,Pink,500.0
"chiliGreen externe Festplatte 2,5"" 500 GB",chiliGreen,Rot,500.0
"chiliGreen externe Festplatte 2,5"" 500 GB",chiliGreen,Blau,500.0
"chiliGreen externe Festplatte 2,5"" 500 GB",chiliGreen,Grün,500.0
"chiliGreen externe Festplatte 2,5"" 500 GB",chiliGreen,,500.0
"chiliGreen externe Festplatte 2,5"" 500 GB",chiliGreen,Grau,500.0
"chiliGreen externe Festplatte 2,5"" 1 TB",chiliGreen,Pink,1024.0
"chiliGreen externe Festplatte 2,5"" 1 TB",chiliGreen,Rot,1024.0
"chiliGreen externe Festplatte 2,5"" 1 TB",chiliGreen,Blau,1024.0
"chiliGreen externe Festplatte 2,5"" 1 TB",chiliGreen,Grün,1024.0
"chiliGreen externe Festplatte 2,5"" 1 TB",chiliGreen,,1024.0
"chiliGreen externe Festplatte 2,5"" 1 TB",chiliGreen,Grau,1024.0
chiliGreen 120 GB SSD-Festplatte,chiliGreen,,120.0
chiliGreen 250 GB SSD-Festplatte,chiliGreen,aluminium,250.0
Samsung Galaxy S5 LTE Schwarz,Samsung,Schwarz,16.0
Samsung Gear 2 Smartwatch Braun,Samsung,braun,4.0
ednet Mauspad,ednet,Schwarz,
ednet Mauspad,ednet,Blau,
ednet Mauspad,ednet,Grün,
ednet Gel Handballenauflage,ednet,Blau,
ednet Gel Mauspad,ednet,Schwarz,
ednet Drahtlose optische Maus,ednet,Silber,
WESTERN DIGITAL MY PASSPORT SLIM 2TB,WESTERN,,2048.0
"WD NAS 4TB SATA 3,5""",WD,Rot,4096.0
Toshiba STOR.E PLUS 1TB USB 3.0,Toshiba,,1024.0
"Verbatim Store 'n' Go 500GB, Externe 2,5"" USB 3.0",Verbatim,Grün,500.0
"Lenovo Ideapad G700 Notebook 43.9 cm (17.3"") Schwarz",Lenovo,Schwarz,
ednet Bluetooth® 3.0 Tastatur ,ednet,Weiß,
HNP06-USBV2-WHITE USB Netzteil slim weiß,HNP06-USBV2-WHITE,Weiß,
HNP06-USBV2-BLACK USB Netzteil slim schwarz,HNP06-USBV2-BLACK,Schwarz,
HNP06-USBV2-WHITE USB Netzteil slim + MicroUSB Kabel weiß,HNP06-USBV2-WHITE,Weiß,
HNP06-USBV2-BLACK USB Netzteil slim + MicroUSB Kabel schwarz,HNP06-USBV2-BLACK,Schwarz,
"Dell XPS 11 2-in-1-Ultrabook™ 29.46 cm (11.6"") Silber",Dell,Silber,
Logilink Mauspad mit Silikon Gel Handauflage,Logilink,Pink,
"Lenovo Flex15 Dual Mode Ultrabook (Convertible) 39.6 cm (15.6"") Schwarz (Silber Ring)",Lenovo,Schwarz,
CAT B15Q Dual-SIM-Outdoor Smartphone,CAT,Silber,4.0
Seagate Desktop Backup Plus 5TB USB 3.0,Seagate,,5120.0
Seagate Wireless Plus 500GB USB 3.0 und WLAN,Seagate,,500.0
Seagate Wireless Plus 2TB USB 3.0 und WLAN,Seagate,,2048.0
Wiko Highway 2 GHz Octa-Core Dual SIM Smartphone,Wiko,Orange,16.0
Wiko Highway 2 GHz Octa-Core Dual SIM Smartphone,Wiko,Lila,16.0
Wiko Highway 2 GHz Octa-Core Dual SIM Smartphone,Wiko,Blau,16.0
"HP 15-g005ng Notebook 39.6 cm (15.6"") Schwarz",HP,Schwarz,
"HP 15-g007ng Notebook 39.6 cm (15.6"") Schwarz",HP,Schwarz,
"HP 15-k010ng Notebook 39.6 cm (15.6"") Silber",HP,Silber,
"HP 17-f022ng Notebook 43.9 (17.3"") Silber",HP,Silber,
renkforce SM-305AG,renkforce,grau,
Samsung Galaxy III Neo,Samsung,,16.0
"HP Envy 15-u001ng X360 Design Touch Notebook 39.6 cm (15.6"") Silber",HP,Silber,
"Western Digital 5TB SATA 3,5"" WD50EFRX Red™ Serie",Western,Rot,5120.0
"Western Digital 6TB SATA 3,5"" WD40EFRX Red™ Serie",Western,Rot,6144.0
Transcend JetDrive 500 interne SSD 240GB SATA III für MacBook Air (Ende 2010 - Mitte 2011),Transcend,aluminium,240.0
Transcend JetDrive 500 interne SSD 480GB SATA III für MacBook Air (Ende 2010 - Mitte 2011),Transcend,aluminium,480.0
Transcend JetDrive 500 interne SSD 960GB SATA III für MacBook Air (Ende 2010 - Mitte 2011),Transcend,aluminium,960.0
Transcend JetDrive 520 interne SSD 240GB SATA III für MacBook Air (Mitte 2012),Transcend,aluminium,240.0
Transcend JetDrive 520 interne SSD 480GB SATA III für MacBook Air (Mitte 2012),Transcend,aluminium,480.0
Transcend JetDrive 520 interne SSD 960GB SATA III für MacBook Air (Mitte 2012),Transcend,aluminium,960.0
"Transcend JetDrive 720 interne SSD 240GB SATA III für MacBook Pro Retina 34 cm (13 Zoll) (Ende 2012, Anfang 2013)",Transcend,aluminium,240.0
"Transcend JetDrive 720 interne SSD 480GB SATA III für MacBook Pro Retina 34 cm (13 Zoll) (Ende 2012, Anfang 2013)",Transcend,aluminium,480.0
"Transcend JetDrive 720 interne SSD 960GB SATA III für MacBook Pro Retina 34 cm (13 Zoll) (Ende 2012, Anfang 2013)",Transcend,aluminium,960.0
Transcend JetDrive 420 interne SSD 120GB SATA III für div. MacBook-Modelle,Transcend,aluminium,120.0
Transcend JetDrive 420 interne SSD 240GB SATA III für div. MacBook-Modelle,Transcend,aluminium,240.0
Transcend JetDrive 420 interne SSD 480GB SATA III für div. MacBook-Modelle,Transcend,aluminium,480.0
Transcend JetDrive 420 interne SSD 960GB SATA III für div. MacBook-Modelle,Transcend,aluminium,960.0
"Transcend JetDrive 725 interne SSD 240GB SATA III für MacBook Pro Retina 39 cm (15 Zoll) (Mitte 2012, Anfang 2013)",Transcend,aluminium,240.0
"Transcend JetDrive 725 interne SSD 480GB SATA III für MacBook Pro Retina 39 cm (15 Zoll) (Mitte 2012, Anfang 2013)",Transcend,aluminium,480.0
"Transcend JetDrive 725 interne SSD 960GB SATA III für MacBook Pro Retina 39 cm (15 Zoll) (Mitte 2012, Anfang 2013)",Transcend,aluminium,960.0
Wiko Lenny,Wiko,Gelb,4.0
Wiko Lenny,Wiko,Schwarz,4.0
Wiko Lenny,Wiko,Türkis,4.0
Wiko Lenny,Wiko,Lila,4.0
Wiko Lenny,Wiko,Weiß,4.0
WD Elements 4TB USB 3.0,WD,,4096.0
WD My Book Duo 6TB USB 3.0,WD,Rot,6144.0
WD My Book Duo 8TB USB 3.0,WD,Rot,8192.0
Hitachi Ultrastar He6 6TB Bulk SATA-III HUS726060ALA640,Hitachi,,6144.0
Nokia Lumia 930,Nokia,aluminium,32.0
Nokia Lumia 930,Nokia,aluminium,32.0
Nokia Lumia 930,Nokia,aluminium,32.0
Nokia Lumia 930,Nokia,Weiß,32.0
WD My Passport Wireless 1TB USB 3.0,WD,Weiß,1024.0
Sony Xperia™ Z3 Compact,Sony,,16.0
WD Elements 5TB USB 3.0,WD,,5120.0
"HP Envy 17-k102ng Notebook 43.94 cm (17.3"") Silber - Design-Highlight mit starker Nvidia GTX-Grafik und großer Festplatte",HP,Silber,
"HP Pavilion x360 Convertible PC, Notebook 13-a051ng 33.8 cm (13.3"") Silber",HP,Silber,
"Acer Aspire E5-551G-F11E Notebook 39.6 cm (15.6"") Schwarz - Neuester AMD FX-Prozessor, mattes FullHD und AMD R7 Graikkarte",Acer,Schwarz,
"Asus F555LD-XX369H Notebook 39.6 cm (15.6"") Blau",Asus,Blau,
"Asus F555LD-XX370H Notebook 39.6 cm (15.6"") Rot",Asus,Rot,
"Asus F555LD-XX372H Notebook 39.6 cm (15.6"") Gelb",Asus,Gelb,
Cherry MX-Board 3.0 USB Tastatur,Cherry,Schwarz,
Cherry MX-Board 3.0 USB Tastatur,Cherry,Schwarz,
Cherry MX-Board 3.0 USB Tastatur,Cherry,Schwarz,
Cherry MX-Board 3.0 USB Tastatur,Cherry,Schwarz,
"Asus F751LK-T4010H Notebook 43.94 cm (17.3"") Silber, Grau - Spitzen-Grafikleistung und mattes FullHD Display",Asus,Grau,
"WD NAS 5TB SATA 3,5""",WD,Rot,5120.0
"WD NAS 6TB SATA 3,5""",WD,Rot,6144.0
Bluetooth®-Maus Acer Windows 8 Kabellos Weiß,Bluetooth®-Maus,Weiß,
Bluetooth®-Maus Acer Windows 8 Kabellos Schwarz,Bluetooth®-Maus,Schwarz,
"WIKO Highway Signs, Dual-SIM",WIKO,Koralle,8.0
Cherry Gentix Corded Optical Mouse,Cherry,Weiß,
Tastatur W95 PS2/USB ,Tastatur,Schwarz,
Cherry Tastatur Slim-Line USB/PS2,Cherry,grau,
Hyper X Skyn Mauspad - Geschwindigkeit,Hyper,Schwarz,
USB Tastatur MX-Board 3.0 inkl. Handballenauflage ,USB,Schwarz,
USB Tastatur MX-Board 3.0 inkl. Handballenauflage ,USB,Schwarz,
USB Tastatur MX-Board 3.0 inkl. Handballenauflage ,USB,Braun,
USB Tastatur MX-Board 3.0 inkl. Handballenauflage ,USB,Blau,
Cellularline Lightning Reise-Ladegerät für das iPad Air/2 und iPad mini (2/3) Weiß,Cellularline,Weiß,
Funk-Maus Perixx Permice-714,Funk-Maus,Schwarz,
Yotaphone 2,Yotaphone,Schwarz,32.0
"HP ProBook 430 G2 Notebook 33.8 cm (13.3"") Schwarz",HP,Schwarz,
"HP ProBook 430 G2 Notebook 33.8 cm (13.3"") Schwarz",HP,Schwarz,
"HP ProBook 450 G2 Notebook 39.6 cm (15.6"") Schwarz",HP,Schwarz,
"HP ProBook 455 G2 Notebook 39.6 cm (15.6"") Schwarz",HP,Schwarz,
Samsung SSD 850 EVO 250GB,Samsung,,250.0
Samsung SSD 850 EVO 500GB,Samsung,,500.0
Samsung SSD 850 EVO 1TB,Samsung,,1024.0
Microsoft Wireless Mobile Mouse 1850,Microsoft,blau,
Wirelss Mobile Mouse 1850,Wirelss,rot,
Microsoft Wireless Mobile Mouse 1850,Microsoft,schwarz,
HONOR 6 ( H60-L04 ) LTE OctaCore Smartphone,HONOR,,16.0
"Acer Aspire V3-371-374R Notebook 33.8 cm (13.3"") Schwarz - mattes FullHD Display, 240GB SSD und neuester Wireless AC Standard",Acer,Schwarz,240.0
Samsung Galaxy A3 LTE-Smartphone,Samsung,Schwarz,16.0
Samsung Galaxy A5,Samsung,Weiß,16.0
Hama Tastatur Rossano,Hama,Silber/Weiß,
Kabellose Funk Maus - schwarz,Kabellose,Schwarz,
"Lenovo G50-70 Notebook 39.6 cm (15.6"") Schwarz",Lenovo,Schwarz,
"12V Ladegerät auf Micro USB - BAND Car Charger - 2.1A - 0,6 M - Rot",12V,Rot,
"12V Ladegerät auf Micro USB - BAND Car Charger - 2.1A - 0,6 M - Schwarz",12V,Schwarz,
"12V Ladegerät auf Micro USB - BAND Car Charger - 2.1A - 0,6 M - Blau",12V,Blau,
"12V Ladegerät auf Apple Lightning - BAND Car Charger - 2.1A - 0,6 M - Grün",12V,Grün,
"12V Ladegerät auf Apple Lightning - BAND Car Charger - 2.1A - 0,6 M - Schwarz",12V,Schwarz,
12V Ladegerät auf 2x USB - Y-Charge - 4.2A - Schwarz,12V,Schwarz,
12V Ladegerät auf 2x USB - Y-Charge - 4.2A - Blau,12V,Blau,
12V Ladegerät auf 2x USB - Y-Charge - 4.2A - Grün,12V,Grün,
12V Ladegerät auf 2x USB - Y-Charge - 4.2A - Rot,12V,Red,
12V Ladegerät auf 2x USB + Apple Lightning Kabel - Y - Charge + Syncable - 2.1A - Schwarz,12V,Schwarz,
12V Ladegerät auf 2x USB + Apple Lightning Kabel - Y - Charge + Syncable - 2.1A - Grün,12V,Grün,
12V Ladegerät auf 2x USB + Micro USB Kabel - Y - Charge + Syncable - 2.1A - Schwarz,12V,Schwarz,
12V Ladegerät auf 2x USB + Micro USB Kabel - Y - Charge + Syncable - 2.1A - Grün,12V,Grün,
12V Ladegerät auf 2x USB + Micro USB Kabel - Y - Charge + Syncable - 2.1A - Blau,12V,Blau,
12V Ladegerät auf 2x USB + Micro USB Kabel - Y - Charge + Syncable - 2.1A - Rot,12V,Red,
"Ladung Universal - VÜ-Car Wireless Charger - QI Compatible - Geräte bis 5.7""  - Grau",Ladung,Grau,
"Ladung Universal - VÜ-Car Wireless Charger - QI Compatible - Geräte bis 5.7""  - Blau",Ladung,Blau,
"Ladung Universal - VÜ-Car Wireless Charger - QI Compatible - Geräte bis 5.7""  - Rot",Ladung,Red,
Ladung Universal - VÜ Wireless Charger - QI Compatible - Schwarz,Ladung,Schwarz,
Ladung Universal - VÜ Wireless Charger - QI Compatible - Blau,Ladung,Blau,
Ladung Universal - VÜ Wireless Charger - QI Compatible  - Rot,Ladung,Red,
"Lenovo Z50-75 Notebook 39.6 cm (15.6"") Schwarz",Lenovo,Schwarz,
"Lenovo G50-70 Notebook 39.6 cm (15.6"") Schwarz - leistungsstarker Core i7 Prozessor und Windows 8.1",Lenovo,Schwarz,
"Lenovo Y50-70 Notebook 39.6 cm (15.6"") Schwarz",Lenovo,Schwarz,1024.0
"Lenovo G70-70 Notebook 43.9 cm (17.3"") Schwarz",Lenovo,Schwarz,2.0
"Lenovo Flex 2-15 Notebook 39.6 cm (15.6"") Schwarz - 300 Grad drehbares Display für Einsatz als Notebook und Tablet",Lenovo,Schwarz,
"Acer Aspire ES1-311 Notebook 33,8 cm (13,3"") Schwarz",Acer,Schwarz,
"Acer Aspire ES1 Notebook 39,6 cm (15,6"") Schwarz",Acer,Schwarz,
"Acer Aspire ES1-711 Notebook 43,9 cm (17,3"") Schwarz",Acer,Schwarz,
"Acer Aspire ES1-512-P2GK Notebook 39,6 cm (15,6"") Schwarz",Acer,Schwarz,
Faltbare Bluetooth-Tastatur PERIBOARD-805L II,Faltbare,Schwarz,
HP Pavilion 13-a150ng x360 Notebook 33.8 cm (13.3'') Silber,HP,Silber,500.0
"HP Pavillion 13-a200ng x360 Notebook 33.8 cm (13.3"") Silber",HP,Silber,500.0
"HP Stream 11-d002ng Notebook 29.5 cm (11.6"") Pink",HP,Pink,1024.0
"HP Stream 13-C002NG Notebook 33.8 cm (13.3"") Pink",HP,Pink,1024.0
"HP Stream 13-C002NG Notebook 33.8 cm (13.3"") Blau",HP,Blau,1024.0
Genius Funk Maus NX-6500 ,Genius,Grau,
Genius Funk Maus NX-6500 ,Genius,Rot,
Genius Funk Maus NX-6550,Genius,Grau,
Genius Funk Maus NX-6550 ,Genius,Blau,
Genius Funk Maus DX-6810,Genius,Silber,
Genius Funk Maus DX-6810,Genius,Rot,
Genius Funk Maus DX 700X ,Genius,Schwarz,
"Externe Festplatte 8.9 cm (3.5 "") 3TB Transcend StoreJet 35T3 Schwarz USB 3.0",Externe,Schwarz,3072.0
"Lenovo G50-70 Notebook 39.6 cm (15.6"") Schwarz",Lenovo,Schwarz,
"Lenovo G50-70 Notebook 39.6 cm (15.6"") Schwarz",Lenovo,Schwarz,
"Lenovo G50-80 Notebook 39.6 cm (15.6"") Schwarz",Lenovo,Schwarz,
"Lenovo Flex 2-15 Notebook 39.6 cm (15.6"") Schwarz",Lenovo,Schwarz,
"Lenovo Flex 2 pro 15 BDW Notebook 39.6 cm (15.6"") Schwarz",Lenovo,Schwarz,
"Lenovo G70-70 Notebook 43.9 cm (17.3"") Schwarz",Lenovo,Schwarz,
"Lenovo S21e-20 Notebook / Netbook 29.5 cm (11.6"") Silber",Lenovo,Silber,
Motorola Moto E 2. Generation LTE,Motorola,,8.0
Motorola Moto E 2. Generation LTE,Motorola,,8.0
Cherry USB Tastatur KC 1000 SC,Cherry,schwarz,
WIKO Ridge 4G LTE-Dual-SIM Smartphone,WIKO,,16.0
Sony Xperia M4 Aqua LTE-Smartphone,Sony,,8.0
"Asus Zenbook UX303LA-RO262H 33.7 cm (13.3"") Braun",Asus,Braun,256.0
Asus Zenbook F555LJ-XX060H Notebook 39.6 cm (15.6'') Schwarz,Asus,Schwarz,
Asus F555LB-XO115H Notebook 39.6 cm (15.6'') Schwarz,Asus,Schwarz,
Asus F555LB-XO122H Notebook 38.9cm (15.6'') Schwarz,Asus,Schwarz,
"Asus F751MA-TY235H Notebook 43,94cm (17.3'') Schwarz",Asus,Schwarz,32.0
Asus F751LJ-TY016H Notebook 43.94cm (17.3'') Schwarz,Asus,Schwarz,32.0
Microsoft Lumia 640,Microsoft,orange,8.0
Microsoft Lumia 640,Microsoft,,8.0
Microsoft Lumia 640,Microsoft,schwarz,8.0
Microsoft Lumia 640,Microsoft,weiß,8.0
Microsoft Lumia 640,Microsoft,orange,8.0
Microsoft Lumia 640,Microsoft,,8.0
Microsoft Lumia 640 XL,Microsoft,,8.0
Microsoft Lumia 640 XL,Microsoft,,8.0
Microsoft Lumia 640 XL,Microsoft,,8.0
Microsoft Lumia 640,Microsoft,,8.0
"Honor 6+  LTE, Dual-SIM",Honor,Schwarz,32.0
"Honor 6+  LTE, Dual-SIM",Honor,Weiß,32.0
"Honor 4X LTE, Dual-SIM",Honor,Weiß,8.0
Huawei Y625 Dual-SIM Smartphone,Huawei,Weiß,4.0
Phicomm Passion,Phicomm,,32.0
Gembird Gaming Maus MUSG-001-B,Gembird,Blau,
Samsung Galaxy Xcover 3,Samsung,,8.0
HUAWEI P8 Titanium Grey,HUAWEI,grey,16.0
HUAWEI P8 Mystic Champagne,HUAWEI,,16.0
HUAWEI P8 Lite LTE-Dual-SIM Smartphone,HUAWEI,Schwarz,16.0
HUAWEI P8 Lite LTE-Dual-SIM Smartphone,HUAWEI,Weiß,16.0
"USB-Ladegerät ""Picco"", 12 V, 1 A, Schwarz",USB-Ladegerät,Schwarz,
"USB-Dual-Ladegerät ""Auto-Detect"" 5 V/2,1 A, Schwarz",USB-Dual-Ladegerät,Schwarz,
V7 Mobile Kabellose Optische Maus - Schwarz,V7,schwarz,
V7 Mauspad in Schwarz,V7,Schwarz,
V7 Mauspad in Blau,V7,Blau,
V7 Mauspad in Rot,V7,Rot,
Orbit™ Optischer Trackball,Orbit™,Silber,
Orbit™ Kabelloser Trackball,Orbit™,Schwarz,
Kensington Optische PC Maus Pro Fit&trade,Kensington,schwarz,
Pro Fit™ Kabelgebundene Full-Size-Maus,Pro,schwarz,
SlimBlade™ Kabellose Lasermaus,SlimBlade™,Schwarz,
WD My Passport® X Gaming-Speicher 2TB USB 3.0,WD,,2048.0
Intenso Memory Center 5TB USB 3.0,Intenso,Schwarz,5120.0
Kfz-USB-Lader MIXIT,Kfz-USB-Lader,Schwarz,
Kfz-USB-Lader MIXIT,Kfz-USB-Lader,Grau,
Cyrus CS 25 Outdoor-Smartphone,Cyrus,,8.0
Motorola Moto G (3. Generation ) LTE-Smartphone,Motorola,Schwarz,8.0
"Lenovo Idea Pad Yoga 3 Pro Ultrabook/Tablet 33.78 cm (13.3"") Silber-Grau",Lenovo,Silber-Grau,
WD My Passport® für Mac 1TB USB 3.0 Schwarz/Silber,WD,Schwarz,1024.0
"Dell Latitude E5540 Notebook mit Intel Core i3 39.6 cm (15.6"") Schwarz",Dell,Schwarz,
"Dell Latitude E5540 Notebook mit Intel Core i5 39.6 cm (15.6"") Schwarz - Professionelles Notebook mit Hybrid-Festplatte und Windows 7 Professional",Dell,Schwarz,8.0
Vivanco USB Maus IT-MS USB W,Vivanco,Weiß,
Samsung Galaxy S4 Mini GT-i9195i LTE-Smartphone,Samsung,,8.0
"MEDION® LIFE®E4005 (MD 99253) Smartphone 10.16 cm (4"")",MEDION®,,8.0
Medion Life E5001 Dual-SIM Smartphone,Medion,,8.0
PERIBOARD-509 PLUS USB Tastatur,PERIBOARD-509,Schwarz,
Samsung SSD 850 EVO 2TB,Samsung,,2048.0
Samsung Galaxy J5 LTE-Smartphone,Samsung,,8.0
Samsung Galaxy J5 LTE-Smartphone,Samsung,Gold,8.0
Samsung Galaxy J5 LTE-Smartphone,Samsung,,8.0
CAT S40 Dual-SIM-LTE-Outdoor Smartphone,CAT,,16.0
Motorola Moto X Play LTE-Smartphone,Motorola,,16.0
"Medion S6413T 4in1 Touch Notebook 39.6 cm (15.6"") Grau",Medion,Grau,500.0
Samsung Galaxy S5 Neo LTE-Smartphone,Samsung,Silber,16.0
"Externe Festplatte 8.9 cm (3.5 "") 8TB Transcend StoreJet 35T3 Schwarz USB 3.0",Externe,Schwarz,8192.0
Wiko Lenny 2 Dual-SIM Smartphone,Wiko,Schwarz,8.0
Wiko Sunset 2 Dual-SIM Smartphone,Wiko,Schwarz,4.0
Wiko Rainbow Jam Dual-SIM Smartphone,Wiko,Schwarz,8.0
CAT B15Q Dual-SIM-Outdoor Smartphone,CAT,Silber,4.0
"Multi-Ladestation, weiß","Multi-Ladestation,",Weiß,
"Multi-Ladestation, schwarz","Multi-Ladestation,",Schwarz,
Multi-Ladestation XL,Multi-Ladestation,Weiß,
Multi-Ladestation XL,Multi-Ladestation,Schwarz,
Huawei Mate S LTE-Smartphone,Huawei,,32.0
Phicomm Energy M+ LTE-Dual-SIM Smartphone,Phicomm,Schwarz,8.0
Phicomm Clue M LTE und DualSim Smartphone,Phicomm,,8.0
Phicomm Clue L,Phicomm,grey,8.0
Huawei Y6 LTE-Dual-SIM Smartphone,Huawei,Schwarz,8.0
Huawei Y6 LTE-Dual-SIM Smartphone,Huawei,Weiß,8.0
"WD Black 5TB 3.5"" SATA-III Bulk WD5001FZWX",WD,Schwarz,5120.0
"WD Black 6TB 3.5"" SATA-III Bulk WD6001FZWX",WD,Schwarz,6144.0
"WD Blue 500GB 3.5"" SATA-III Bulk WD5000AZRZ",WD,Blau,500.0
"WD Blue 1TB 3.5"" SATA-III Bulk WD10EZRZ",WD,Blau,1024.0
"WD Blue 2 TB 3.5"" SATA-III Bulk WD20EZRZ",WD,Blau,2048.0
"WD Blue 3TB 3.5"" SATA-III Bulk WD30EZRZ",WD,Blau,3072.0
"WD Blue 4TB 3.5"" SATA-III Bulk WD40EZRZ",WD,Blau,4096.0
"WD Blue 5TB 3.5"" SATA-III Bulk WD50EZRZ",WD,Blau,5120.0
"WD Blue 6TB 3.5"" SATA-III Bulk WD60EZRZ",WD,Blau,6144.0
Logitech® M535 Bluetooth® Maus,Logitech®,Blue,
Cat S30 DualSIM LTE Outdoor Smartphone,Cat,,8.0
"Logitech® K400 Plus Wireless Tastatur, weiß",Logitech®,weiß,
"Logitech® K400 Plus Wireless Tastatur, schwarz",Logitech®,schwarz,
WD My Passport® Ultra 500GB USB 3.0 Mattschwarz,WD,Weiß,500.0
WD My Passport® Ultra 500GB USB 3.0 Königsblau,WD,Weiß,500.0
WD My Passport® Ultra 500GB USB 3.0 Wildkirsche,WD,Wildkirsche,500.0
WD My Passport® Ultra 500GB USB 3.0 Brillantweiß,WD,Weiß,500.0
Kyocera Torque LTE-Outdoor Smartphone,Kyocera,Schwarz,16.0
Wiko Pulp Dual-SIM Smartphone,Wiko,Weiß,16.0
Wiko Pulp Dual-SIM Smartphone,Wiko,Blau,16.0
Wiko Pulp FAB 4G LTE-Dual-SIM Smartphone,Wiko,Schwarz,16.0
"HP 17-p105ng Notebook (L2T07EA) 43.9 cm (17.3"") Schwarz",HP,Schwarz,
Odys Neo 6 LTE-Dual-SIM Smartphone,Odys,Weiß,16.0
"Medion Akoya E7416T (MD 99377) Touch-Notebook 43.9 cm (17.3"") Anthrazit",Medion,Anthrazit,1000.0
Acer Liquid Z630 LTE-Dual-SIM Smartphone,Acer,Silber,16.0
"Toshiba Radius 12 Convertible Ultrabook 12 P20W-C-10K 31.8 cm (12.5"") Silber",Toshiba,Silber,256.0
USB-Gaming-Maus MadCatz R.A.T.1 Schwarz-Neongelb,USB-Gaming-Maus,Schwarz-Neongelb,
Wiko Pulp 3G Dual-SIM Smartphone,Wiko,Schwarz,32.0
Asus ZenFone 2 Laser LTE-Dual-SIM Smartphone,Asus,Schwarz,16.0
renkforce Industrielle staub- und spritzwassergeschützte USB-Tastatur mit Touchpad,renkforce,Weiß,
renkforce Industrielle staub- und spritzwassergeschützte USB-Tastatur mit Touchpad,renkforce,Schwarz,
Samsung Galaxy A3 (2016) SM-A310F,Samsung,,16.0
Samsung Galaxy A5 (2016) SM-A510F,Samsung,,16.0
Microsoft Lumia 950 XL,Microsoft,,32.0
Microsoft Lumia 550 LTE-Smartphone,Microsoft,,8.0
Microsoft Lumia 550 LTE-Smartphone,Microsoft,,8.0
Motorola Moto X Force LTE-Smartphone,Motorola,,32.0
Intenso Memory Center 8TB USB 3.0,Intenso,,8192.0
Funk-Maus HP Z3200 Silber,Funk-Maus,Silber,
Funk-Maus HP X3000 Weiß,Funk-Maus,weiß,
USB-Maus HP X1000,USB-Maus,Schwarz,
"HP 15-af116ng Notebook 39.6 cm (15.6"") Schwarz",HP,Schwarz,
Alcatel One Touch Pop Star 5022D,Alcatel,Grün,8.0
Alcatel One Touch Go Play 7048X,Alcatel,,8.0
honor 5X LTE-Dual-SIM Smartphone,honor,aluminium,16.0
honor 5X LTE-Dual-SIM Smartphone,honor,aluminium,16.0
honor 5X LTE-Dual-SIM Smartphone,honor,aluminium,16.0
Bluetooth-Maus Microsoft Bluetooth Mobile Mouse 3600 Schwarz,Bluetooth-Maus,schwarz,
Huawei Mate 8 LTE-Dual-SIM Smartphone,Huawei,,32.0
Samsung Portable SSD T3 250GB USB Typ-CUSB 3.1 Gen 1,Samsung,,250.0
Samsung Portable SSD T3 500GB USB Typ-CUSB 3.1 Gen 1,Samsung,,500.0
Samsung Portable SSD T3 1TB USB Typ-CUSB 3.1 Gen 1,Samsung,,1024.0
Samsung Portable SSD T3 2TB USB Typ-CUSB 3.1 Gen 1,Samsung,,2048.0
Funk-Maus Rapoo M10 Schwarz,Funk-Maus,Schwarz,
Funk-Maus Rapoo 1190 Schwarz,Funk-Maus,Schwarz,
Funk-Maus Rapoo 1190 Weiß,Funk-Maus,Weiß,
Mini Funk-Maus Rapoo 3300P Weiß,Mini,Weiß,
Mini Funk-Maus Rapoo 3300P Schwarz,Mini,Schwarz,
Funk-Maus Rapoo 7100P Schwarz,Funk-Maus,Schwarz,
Bluetooth-Maus Rapoo 6610 Schwarz,Bluetooth-Maus,Schwarz,
Bluetooth-Maus Rapoo 6610 Grau,Bluetooth-Maus,Grau,
Funk-Maus Rapoo T8 Schwarz,Funk-Maus,Schwarz,
Funk-Maus Rapoo T8 Weiß,Funk-Maus,Weiß,
USB-Maus Rapoo N1130 Schwarz,USB-Maus,Schwarz,
USB-Maus Rapoo N1130 Weiß,USB-Maus,Weiß,
USB-Maus Rapoo N1162 Schwarz,USB-Maus,Schwarz,
USB-Maus Rapoo N1162 Weiß,USB-Maus,Weiß,
USB-Maus Rapoo N6200 Schwarz,USB-Maus,Schwarz,
USB-Gaming-Maus VPRO V500 Schwarz,USB-Gaming-Maus,Schwarz,
CAT S60 mit FLIR Wärmebildkamera,CAT,aluminium,32.0
Samsung Galaxy S7 Edge LTE-Smartphone,Samsung,Gold,32.0
ZTE Blade A452 LTE-Dual-SIM Smartphone,ZTE,,8.0
"Western Digital 8TB SATA 3,5"" WD80EFZX Red™ Serie",Western,Rot,8192.0
CHERRY MC 2000 USB-Maus Weiß,CHERRY,weiß,
CHERRY Wheelmouse Optical Weiß,CHERRY,weiß,
"Externe Festplatte 8.9 cm (3.5 "") 4TB Transcend StoreJet 35T3 Schwarz USB 3.0",Externe,Schwarz,4096.0
HUAWEI P8 Lite LTE-Dual-SIM Smartphone,HUAWEI,Gold,16.0
USB-Maus Optisch Asus UT203 Schwarz,USB-Maus,Schwarz,
HUAWEI P9 LTE-Smartphone,HUAWEI,Grau,32.0
CAT S40 Dual-SIM-LTE-Outdoor Smartphone + CAT Multifunktionswerkzeug,CAT,,16.0
Asus ZenFone Go Dual-SIM Smartphone,Asus,Schwarz,16.0
Wiko Sunny Dual-SIM Smartphone,Wiko,Rot,8.0
USB-Maus Vivanco IT-MS USB 1000 Schwarz,USB-Maus,Schwarz,
USB-Maus Vivanco IT-MS USB 1200 Schwarz,USB-Maus,Schwarz,
USB-Ladegerät für Motorräder,USB-Ladegerät,Schwarz,
Logitech® M187 Wireless Maus Blau,Logitech®,blau,
Western Digital My Book AV-TV 2TB 3.0,Western,,2048.0
"Seagate SSDH 1TB SATA-III 2.5"" STBD1000101",Seagate,,1024.0
Samsung SSD 850 EVO 4TB,Samsung,,4096.0
Honor 5C LTE-Dual-SIM Smartphone,Honor,grau,16.0
Honor 5C LTE-Dual-SIM Smartphone,Honor,aluminium,16.0
Honor 5C LTE-Dual-SIM Smartphone,Honor,gold,16.0
Seagate Wireless Plus 1TB USB 3.0 und WLAN,Seagate,,1024.0
Seagate Wireless Plus 2TB USB 3.0 und WLAN,Seagate,,2048.0
WD My Passport™ Wireless Pro 2TB,WD,,2048.0
WD My Passport™ Wireless Pro 3TB,WD,,3072.0
Samsung Portable SSD T3 500GB USB 3.1 Gen 1,Samsung,,500.0
Samsung Portable SSD T3 2TB USB 3.1 Gen 1,Samsung,,2048.0
WD My Passport® Ultra 4TB USB 3.0 Mattschwarz,WD,Weiß,4096.0
WD My Passport® Ultra 4TB USB 3.0 Königsblau,WD,Weiß,4096.0
WD My Passport® Ultra 4TB USB 3.0 Wildkirsche,WD,Wildkirsche,4096.0
WD My Passport® Ultra 4TB USB 3.0 Brillantweiß,WD,Weiß,4096.0
WD My Passport™ Wireless Pro 2TB,WD,,2048.0
WD My Passport™ Wireless Pro 3TB,WD,,3072.0
WD My Passport® Ultra 4TB USB 3.0 Wildkirsche,WD,Wildkirsche,4096.0
WD My Passport® Ultra 4TB USB 3.0 Brillantweiß,WD,,4096.0
WD My Passport® Ultra 4TB USB 3.0 Mattschwarz,WD,,4096.0
WD My Passport® für Mac 4TB USB 3.0 Schwarz/Silber,WD,Schwarz,4096.0
Honor 8 LTE-Dual-SIM Smartphone,Honor,schwarz,32.0
Honor 8 LTE-Dual-SIM Smartphone,Honor,weiß,32.0
Honor 8 LTE-Dual-SIM Smartphone,Honor,blau,32.0
"WD Black 4TB 3.5"" SATA-III Bulk WD4004FZWX",WD,Schwarz,4096.0
Honor 8 LTE-Dual-SIM Smartphone,Honor,blau,32.0
Honor 8 LTE-Dual-SIM Smartphone,Honor,aluminium,32.0
Honor 8 LTE-Dual-SIM Smartphone,Honor,aluminium,32.0
Kensington Schaumstoff-Mauspad mit Handgelenkauflage Schwarz,Kensington,Schwarz,
Kensington Mauspad Smartfit K55793EU schwarz,Kensington,Schwarz,
Funk-Maus HP Z4000,Funk-Maus,Rot,
Funk-Maus HP Z4000,Funk-Maus,Blau,
Funk-Maus HP Z4000,Funk-Maus,Lila,
WD My Passport® mit Kennwortschutz und Software für automatische Datensicherung 1TB Weiß USB 3.0,WD,Weiß,1024.0
WD My Passport® mit Kennwortschutz und Software für automatische Datensicherung 2TB Rot USB 3.0,WD,Rot,2048.0
WD My Passport® mit Kennwortschutz und Software für automatische Datensicherung 2TB Weiß USB 3.0,WD,Weiß,2048.0
WD My Passport® mit Kennwortschutz und Software für automatische Datensicherung 3TB Rot USB 3.0,WD,Rot,3072.0
WD My Passport® mit Kennwortschutz und Software für automatische Datensicherung 3TB Weiß USB 3.0,WD,Weiß,3072.0
WD My Passport® mit Kennwortschutz und Software für automatische Datensicherung 4TB Blau USB 3.0,WD,Blau,4096.0
WD My Passport® mit Kennwortschutz und Software für automatische Datensicherung 4TB Rot USB 3.0,WD,Rot,4096.0
WD My Passport® mit Kennwortschutz und Software für automatische Datensicherung 4TB Weiß USB 3.0,WD,Weiß,4096.0
WD My Passport® mit Kennwortschutz und Software für automatische Datensicherung 1TB Weiß USB 3.0,WD,Weiß,1024.0
WD My Passport® mit Kennwortschutz und Software für automatische Datensicherung 2TB Weiß USB 3.0,WD,Weiß,2048.0
WD My Passport® mit Kennwortschutz und Software für automatische Datensicherung 3TB Weiß USB 3.0,WD,Weiß,3072.0
WD My Passport® mit Kennwortschutz und Software für automatische Datensicherung 4TB Weiß USB 3.0,WD,Weiß,4096.0
honor 9 mit honor Band 3 - nur für kurze Zeit,honor,schwarz,64.0
honor 9 mit honor Band 3 - nur für kurze Zeit,honor,grau,64.0
honor 9 mit honor Band 3 - nur für kurze Zeit,honor,blau,64.0
Samsung Portable SSD T5 250GB USB Typ-C USB 3.1 Gen2,Samsung,aluminium,250.0
Samsung Portable SSD T5 500GB USB Typ-C USB 3.1 Gen2,Samsung,aluminium,500.0
Samsung Portable SSD T5 1TB USB Typ-C USB 3.1 Gen2,Samsung,aluminium,1024.0
Samsung Portable SSD T5 2TB USB Typ-C USB 3.1 Gen2,Samsung,aluminium,2048.0
honor 9 Lite LTE-Dual-SIM Smartphone,honor,,32.0
honor 9 Lite LTE-Dual-SIM Smartphone,honor,blau,32.0
honor 9 Lite LTE-Dual-SIM Smartphone,honor,grau,32.0
honor 9 Lite LTE-Dual-SIM Smartphone,honor,,32.0
honor 9 Lite LTE-Dual-SIM Smartphone,honor,,32.0
honor 9 Lite LTE-Dual-SIM Smartphone,honor,blau,32.0
Hama MC-200 USB Maus,Hama,weiß,
Hama Milano Wireless Maus,Hama,weiß,
Hama Milano Wireless Maus,Hama,rot,
honor 10 LTE-Smartphone - Beauty in AI + Monster AM17 In Ear-Kopfhörer,honor,schwarz,64.0
honor 10 LTE-Smartphone - Beauty in AI + Monster AM17 In Ear-Kopfhörer,honor,grau,64.0
honor 10 LTE-Smartphone - Beauty in AI + Monster AM17 In Ear-Kopfhörer,honor,blau,64.0
ASUS ZenBook Flip 15 grau,ASUS,Rauchgrau,
"<b>Das 13"" MacBook Pro mit TouchBar. Erhältlich bei Conrad. - Mehr Leistung. Mehr Performance. Pro wie noch nie.</b>",<b>Das,grau,
"<b>Das 13"" MacBook Pro mit TouchBar. Erhältlich bei Conrad. - Mehr Leistung. Mehr Performance. Pro wie noch nie.</b>",<b>Das,grau,
"<b>Das 13"" MacBook Pro mit TouchBar. Erhältlich bei Conrad. - Mehr Leistung. Mehr Performance. Pro wie noch nie.</b>",<b>Das,grau,
"<b>Das 13"" MacBook Pro mit TouchBar. Erhältlich bei Conrad. - Mehr Leistung. Mehr Performance. Pro wie noch nie.</b>",<b>Das,grau,
"<b>Das 13"" MacBook Pro mit TouchBar. Erhältlich bei Conrad. - Mehr Leistung. Mehr Performance. Pro wie noch nie.</b>",<b>Das,grau,
"<b>Das 13"" MacBook Pro mit TouchBar. Erhältlich bei Conrad. - Mehr Leistung. Mehr Performance. Pro wie noch nie.</b>",<b>Das,grau,
"<b>Das 13"" MacBook Pro mit TouchBar. Erhältlich bei Conrad. - Mehr Leistung. Mehr Performance. Pro wie noch nie.</b>",<b>Das,grau,
"<b>Das 13"" MacBook Pro mit TouchBar. Erhältlich bei Conrad. - Mehr Leistung. Mehr Performance. Pro wie noch nie.</b>",<b>Das,grau,
"<b>Das 13"" MacBook Pro mit TouchBar. Erhältlich bei Conrad. - Mehr Leistung. Mehr Performance. Pro wie noch nie.</b>",<b>Das,grau,
"<b>Das 13"" MacBook Pro mit TouchBar. Erhältlich bei Conrad. - Mehr Leistung. Mehr Performance. Pro wie noch nie.</b>",<b>Das,grau,
"<b>Das 13"" MacBook Pro mit TouchBar. Erhältlich bei Conrad. - Mehr Leistung. Mehr Performance. Pro wie noch nie.</b>",<b>Das,grau,
"<b>Das 13"" MacBook Pro mit TouchBar. Erhältlich bei Conrad. - Mehr Leistung. Mehr Performance. Pro wie noch nie.</b>",<b>Das,grau,
"<b>Das 13"" MacBook Pro mit TouchBar. Erhältlich bei Conrad. - Mehr Leistung. Mehr Performance. Pro wie noch nie.</b>",<b>Das,grau,
Apple MBP 13 CTO/MPXT2/16GB/512GB,Apple,grau,16.0
Apple MBP 13 CTO/MPXT2/16GB,Apple,grau,16.0
Apple MBP 13 CTO/MPXT2/512GB SSD,Apple,grau,512.0
Apple MBP 13 CTO/MPXQ2/512GB SSD,Apple,grau,512.0
Apple MBP 13 CTO/MPXQ2/16GB/256GB SSD,Apple,grau,16.0
Apple MBP 13 CTO/MPXU2/16GB,Apple,grau,16.0
Dynabook Tecra Z50-E-16C Notebook,Dynabook,Grau,192.0
Dynabook Tecra X40-E-1FV Notebook,Dynabook,Blau,
Dynabook Tecra X40-E-1FU Notebook,Dynabook,Blau,
Dynabook Tecra A50-E-1V3 Notebook,Dynabook,Grau,192.0
Acer Extensa 15 EX215-51-56UX Notebook,Acer,Schwarz,512.0
"SAMSUNG 860 EVO - Interne SATA SSD 6.35 cm(2.5"") 500GB + 64 GB USB-Stick",SAMSUNG,,500.0
Dynabook Satellite Pro L50-G-11L Notebook,Dynabook,schwarz,
Dynabook Satellite Pro L50-G-11N Notebook,Dynabook,schwarz,
Dynabook Satellite Pro C40-H-102 Notebook,Dynabook,blau,16.0
Lenovo Yoga 900-13,Lenovo,Silber,8.0
Lenovo Yoga 900-13,Lenovo,Silber,8.0
Lenovo 500-15 silber-weiss,Lenovo,Silber,8.0
LENOVO Yoga 500-15 schwarz,LENOVO,Schwarz,8.0
Lenovo Z51-70 silber-schwarz,Lenovo,Silber-Schwarz,8.0
LENOVO Yoga 3 Pro Silber,LENOVO,Silber,8.0
Acer Aspire E 15 (E5-574-572R),Acer,Blau,8.0
Toshiba Satellite P855-33H ,Toshiba,Schwarz,8.0
Asus X501A-XX382H Black,Asus,Schwarz,
Sony SV-E1512N1E Silber,Sony,Silber,
Sony Vaio SV-S1312N9E/B ,Sony,Schwarz,
Sony Vaio SV-S1312R9E/B ,Sony,Schwarz,8.0
Sony Vaio SV-E1113M1E/B ,Sony,Schwarz,
Sony Vaio SV-E1113M1E/W,Sony,Weiß,
SV-E14A3V1E/B ,SV-E14A3V1E/B,Schwarz,1.0
SV-E14A3V1E/P,SV-E14A3V1E/P,Pink,1.0
SV-E14A3V1E/W,SV-E14A3V1E/W,Weiß,1.0
Sony Vaio SV-E14A3V2E/S Touch ,Sony,Silber,1.0
Sony Vaio SV-1513Q1E/B ,Sony,Schwarz,
Sony Vaio SV-E1513R1E/B ,Sony,Schwarz,
Sony Vaio SV-E1713R1E/B ,Sony,Schwarz,
B53V-S4052G,B53V-S4052G,Schwarz,
Hitachi Touro Mobile MX3 Festplatte USB3.0 1TB HTOLMX3EA10001ABB,Hitachi,,1024.0
"chiliGREEN Externe Festplatte 2,5"" 1 TB USB 3.0",chiliGREEN,,1024.0
Western Digital My Book Essential 3TB WDBACW0030HBK,Western,,3072.0
Logitech M175 Funkmaus,Logitech,Schwarz,
Intenso Memory 2 Move 250 GB WLAN-Festplatte,Intenso,Schwarz,250.0
Intenso Memory 2 Move 250 GB WLAN-Festplatte,Intenso,Weiß,250.0
Intenso Memory 2 Move 500 GB WLAN-Festplatte,Intenso,,500.0
Intenso Memory 2 Move 500 GB WLAN-Festplatte,Intenso,Weiß,500.0
"Western Digital My Book AV DVR Expander 1TB, USB 2.0",Western,,1024.0
USB-Kfz-Ladegerät Picco,USB-Kfz-Ladegerät,Weiß,
SKROSS World USB Charger ,SKROSS,Weiß,
Microsoft Basic Optische Maus Weiß,Microsoft,weiß,
LogiLink<b> </b>ID0062 Optische Maus weiß,LogiLink<b>,Weiß,
LogiLink ID0063 Optische Maus schwarz,LogiLink,Schwarz,
LogiLink ID0069 Funkmaus,LogiLink,schwarz,
Logitech M150 Optische Maus Schwarz,Logitech,Schwarz,
Logitech M150 Optische Maus Weiß,Logitech,Weiß,
Logitech M150 Optische Maus Rot,Logitech,Rot,
Logitech M150 Optische Maus Blau,Logitech,Blau,
Manhattan Eclipse Funkmaus mit Touch-Panel,Manhattan,Schwarz,
Manhattan Silhouette Optische Maus Schwarz,Manhattan,Schwarz,
Manhattan Silhouette Optische Maus Weiß,Manhattan,Weiß,
HP X3000,HP,Schwarz,
Logitech T620 Touch-Maus für Windows 8 Schwarz,Logitech,Schwarz,
Logitech Touch-Maus T620 Weiß für Windows 8,Logitech,Weiß,
Logitech Touch-Maus T400 Schwarz für Windows 8,Logitech,Schwarz,
Logitech T400 Touch-Maus ,Logitech,Rot,
Microsoft Arc Touch Maus für Windows 8 Schwarz,Microsoft,schwarz,
Mad Catz R.A.T.7 The Contagion Gaming Maus Weiß,Mad,Weiß,
Mad Catz G.L.I.D.E. 7 Gaming Mauspad Grau/Weiß,Mad,Grau,
Cherry MW 3000 Funk-Maus Schwarz,Cherry,schwarz,
CHERRY Optische PC Maus MW 2110,CHERRY,Schwarz,
LogiLink optische Mini-Maus in Weiß,LogiLink,Weiß,
Microsoft Basic Optical Mouse - schwarz,Microsoft,schwarz,
Microsoft Basic Optical Mouse - weiß,Microsoft,weiß,
Caterpillar Cat® B15 Outdoor-Smartphone,Caterpillar,Silber,4.0
Seagate Wireless Plus 1TB USB 3.0 und WLAN,Seagate,,1024.0
Hama M2140 Bluetooth-Maus Schwarz,Hama,Schwarz,
Western Digital My Passport 500 GB WDBKXH5000ABK Schwarz,Western,Schwarz,500.0
Western Digital My Passport 750 GB WDBBEP7500ABK-EESN Schwarz,Western,Schwarz,750.0
Western Digital My Passport 1TB WDBBEP0010BBK Schwarz,Western,Schwarz,1024.0
Western Digital My Passport 3.0 2TB WDBY8L0020BBK Schwarz,Western,Schwarz,2048.0
"HP Compaq Presario Notebook 39,62 cm (15,6"") Schwarz",HP,Schwarz,
"Speedlink KUDOS RS Gaming Mouse, rot-schwarz",Speedlink,Rot,
Western Digital My Book for Mac 3.0 2TB WDBEKS0020HBK,Western,,2048.0
Western Digital My Book for Mac 3.0 3TB WDBEKS0030HBK,Western,,3072.0
Western Digital TV Live Hub Media Center 2 TB WDBACA0020BBK,Western,,2048.0
"Western Digital 2TB SATA 3,5"" WD2002FAEX WD Caviar Black",Western,Schwarz,2048.0
Verbatim Store 'n' Save 2TB USB 3.0,Verbatim,Grün,2048.0
Verbatim Store 'n' Save 1TB USB 3.0,Verbatim,Grün,1024.0
Elgato Thunderbolt™ SSD 120GB,Elgato,,120.0
G-TECHNOLOGY G-CONNECT 500GB,G-TECHNOLOGY,,500.0
"Transcend SSD720 64GB 2.5"" SATA III",Transcend,,64.0
"Transcend SSD720 128GB 2.5"" SATA III",Transcend,,128.0
"Transcend SSD720 256GB 2.5"" SATA III",Transcend,,256.0
Intenso Memory Center 1TB USB 3.0,Intenso,Schwarz,1024.0
Intenso Memory Center 2TB USB 3.0,Intenso,Schwarz,2048.0
Intenso Memory Center 3TB USB 3.0,Intenso,Schwarz,3072.0
Transcend STOREJET CLOUD WiFi 64GB,Transcend,,64.0
Transcend STOREJET CLOUD WiFi 32GB,Transcend,,32.0
DIGITTRADE HS256 128 GB SSD High Security externe HDD AES 256 + Acronis Backup Software HS256-120SSD ,DIGITTRADE,,128.0
"Western Digital 3TB SATA 3,5"" WD30EFRX Red™ Serie",Western,Rot,3072.0
"Western Digital 2TB SATA 3,5"" WD20EFRX Red™ Serie",Western,Rot,2048.0
"Western Digital 1TB SATA 3,5"" WD10EFRX Red™ Serie",Western,Rot,1024.0
Western Digital My Passport EDGE for Mac 500 GB USB 3.0,Western,,500.0
Buffalo MiniStation™ Air 500GB USB 3.0,Buffalo,,500.0
Verbatim Store 'n' Save 4TB USB 3.0,Verbatim,Grün,4096.0
SanDisk SSD 32 GB ReadyCache™,SanDisk,,32.0
Intenso Memory Center 4TB USB 3.0,Intenso,,4096.0
Western Digital My Passport Enterprise 500GB Schwarz,Western,Schwarz,500.0
Western Digital My Book Studio 1TB USB 3.0,Western,,1024.0
Western Digital My Book Studio 2TB USB 3.0,Western,,2048.0
Western Digital My Book Studio 3TB USB 3.0,Western,,3072.0
Western Digital My Book Studio 4TB USB 3.0,Western,,4096.0
"Western Digital 500GB SATA 3,5""",Western,Schwarz,500.0
Seagate Slim Portable  500GB USB 3.0,Seagate,,500.0
Microsoft Compact Optical Mouse 500 for Business / schwarz,Microsoft,Schwarz,
Buffalo MiniStation™ Air 500GB USB 3.0,Buffalo,,500.0
Microsoft Optical Mouse 200 in schwarz,Microsoft,Schwarz,
Microsoft Comfort Mouse 4500 for Business schwarz,Microsoft,schwarz,
"Transcend SSD 32GB PSD330 2,5"" IDE",Transcend,,32.0
"Transcend SSD 64GB PSD330 2,5"" IDE",Transcend,,64.0
"Transcend SSD 128GB PSD330 2,5"" IDE",Transcend,,128.0
"Kfz-Lade-Adapter mit Lightning-Ladekabel für iPhone 5/5s, iPod, iPad, iPad mini",Kfz-Lade-Adapter,Schwarz,
"Asus F55C-SX025H Notebook 39,62 cm (15,6"") Schwarz",Asus,Schwarz,
"Asus F75A-TY133H Notebook 43,94 cm (17,3"") Schwarz",Asus,Schwarz,
"Asus F75VB-TY041H Notebook 43,94 cm (17,3"") Schwarz",Asus,Schwarz,
"Asus A75DE-TY026H Notebook 43,94 cm (17,3"")  Schwarz",Asus,Schwarz,
Western Digital Elements™ 3.0 1TB,Western,,1024.0
Western Digital Elements™ 2TB USB 3.0,Western,,2048.0
Intenso Memory 2 Move 1 TB WLAN-Festplatte,Intenso,Schwarz,1024.0
Intenso Memory 2 Move 1 TB WLAN-Festplatte,Intenso,Weiß,1024.0
"Western Digital 3TB SATA 3,5"" WD3001FAEX",Western,Schwarz,3072.0
WD My Book AV-TV 1TB 3.0,WD,,1024.0
WD My Book AV-TV 2TB 3.0,WD,,2048.0
Hama Tastatur Basic K212,Hama,Schwarz,
"Asus F75VD-TY065H Notebook 43,94 cm (17,3"") Schwarz",Asus,Schwarz,
"Samsung Notebook Serie 3 NP350V5C-S09DE Notebook 39,62 cm (15,6"") Dunkelsilber",Samsung,Silber,500.0
"Samsung Serie 5 Ultra NP530U3C-A0DDE Ultrabook 33,78 cm (13,3"") Braun",Samsung,Braun,500.0
"Sony Vaio SVE1712L1EW Notebook 43,94 cm (17,3"") Weiß",Sony,Weiß,
"Sony Vaio SVE1512H1EB Notebook 39,5 cm (15,5"") Schwarz",Sony,Schwarz,
"Sony Vaio SVE1512H1EW Notebook 39,5 cm (15,5"") Weiß",Sony,Weiß,
"Sony Vaio SVE1512N1EB Allround Design Notebook 39,37 cm (15,5"") Schwarz",Sony,Schwarz,
"Sony Vaio SVE1512T1ESI Notebook 39,5 cm (15,5"") Silber",Sony,Silber,
CHERRY Wheelmouse Optical Hellgrau,CHERRY,grau,
CHERRY Wheelmouse Optical Schwarz,CHERRY,schwarz,
Cherry G83-6105,Cherry,Grau,
CHERRY Tastatur Strait,CHERRY,Silber,
Logitech M100 USB Maus,Logitech,Schwarz,
LogiLink Tastatur Flexibel Wasserfest,LogiLink,Weiß,
LogiLink Tastatur Flexibel Wasserfest,LogiLink,Schwarz,
LogiLink ID0031 Mini-Funkmaus,LogiLink,schwarz,
LogiLink optische USB Maus,LogiLink,schwarz,
Logilink Mini Funkmaus,Logilink,Blau,
Logilink Mini Funkmaus,Logilink,grün,
Logitech® M185 Wireless Maus,Logitech®,Grau,
Perixx Peripad-501 II in schwarz,Perixx,schwarz,
Cherry STRAIT BLACK Corded Keyboard,Cherry,Schwarz,
Mad Catz R.A.T.7 Gaming Maus Schwarz,Mad,Schwarz,
Mad Catz R.A.T.9 Wireless Gaming Maus Schwarz,Mad,Schwarz,
Logitech M525 Funkmaus Blau,Logitech,Blau,
Logitech K400 Wireless TV-Tastatur,Logitech,Schwarz,
NZXT ATX-Mainboard-Strom-Verlängerungskabel 24pol. sleeved,NZXT,Schwarz,
NZXT ATX/PES Stromverlängerung für Motherboard sleeved,NZXT,Schwarz,
NZXT 6 + 2 Pin PCIe Verlängerung sleeved,NZXT,Schwarz,
NZXT 6 Pin PCIe Verlängerung sleeved,NZXT,Schwarz,
Silverstone PP06B-2PCIE70 ATX Stecker 8pol (4+4) an ATX Stecker 8pol (6+2) 70 cm,Silverstone,Schwarz,
"Digitus Netzanschlusskabel C13-Stecker an Schutzkontakt-Stecker, 90° gewinkelt Schwarz",Digitus,Schwarz,
"LogiLink® Netzkabel Euro CEE 7/16 Stecker zu Dose, 1m, Schwarz",LogiLink®,Schwarz,
"LogiLink® Netzkabel Euro CEE 7/16 Stecker zu Dose, 2m, Schwarz",LogiLink®,Schwarz,
"LogiLink® Netzkabel Euro CEE 7/16 Stecker zu Dose, 3m, Schwarz",LogiLink®,Schwarz,
"LogiLink® Netzkabel Euro CEE 7/16 Stecker zu Dose, 1m, Weiß",LogiLink®,Weiß,
"LogiLink® Netzkabel Euro CEE 7/16 Stecker zu Dose, 2m, Weiß",LogiLink®,Weiß,
"LogiLink® Netzkabel Euro CEE 7/16 Stecker zu Dose, 3m, Weiß",LogiLink®,Weiß,
"LogiLink® Stromkabel Verlängerung, 2m, Schwarz",LogiLink®,Schwarz,
"LogiLink® Stromkabel Verlängerung, 2m, Weiß",LogiLink®,Weiß,
Speedy Skatez-BF Ersatz-Glides für EC1-A & EC2-A - gleitfähige PTFE-Beschichtung,Speedy,Schwarz,
"Speedy Skatez-A Ersatz-Glides für FK1, FK2 & ZA11, ZA12 - gleichfähige PTFE-Beschichtung",Speedy,Schwarz,
Speedy Skatez-AS Ersatz-Glides für ZA13 - gleitfähige PTFE-Beschichtung,Speedy,Schwarz,
WD My Passport® mit Kennwortschutz und Software für automatische Datensicherung 1TB Schwarz USB 3.0,WD,Schwarz,1024.0
WD My Passport® mit Kennwortschutz und Software für automatische Datensicherung 1TB Blau USB 3.0,WD,Blau,1024.0
WD My Passport® mit Kennwortschutz und Software für automatische Datensicherung 1TB Rot USB 3.0,WD,Rot,1024.0
WD My Passport® mit Kennwortschutz und Software für automatische Datensicherung 1TB Weiß USB 3.0,WD,Weiß,1024.0
WD My Passport® mit Kennwortschutz und Software für automatische Datensicherung 3TB Schwarz USB 3.0,WD,Schwarz,3072.0
WD My Passport® mit Kennwortschutz und Software für automatische Datensicherung 3TB Blau USB 3.0,WD,Blau,3072.0
WD My Passport® mit Kennwortschutz und Software für automatische Datensicherung 3TB Rot USB 3.0,WD,Rot,3072.0
WD My Passport® mit Kennwortschutz und Software für automatische Datensicherung 3TB Weiß USB 3.0,WD,Weiß,3072.0
WD My Passport® mit Kennwortschutz und Software für automatische Datensicherung 4TB Schwarz USB 3.0,WD,Schwarz,4096.0
WD My Passport® mit Kennwortschutz und Software für automatische Datensicherung 4TB Blau USB 3.0,WD,Blau,4096.0
WD My Passport® mit Kennwortschutz und Software für automatische Datensicherung 4TB Rot USB 3.0,WD,Rot,4096.0
WD My Passport® mit Kennwortschutz und Software für automatische Datensicherung 4TB Weiß USB 3.0,WD,Weiß,4096.0
WD My Passport® for Mac Unterstützt Time Machine mit Passwortschutz 1TB USB 3.0,WD,,1024.0
WD My Passport® for Mac Unterstützt Time Machine mit Passwortschutz 2TB USB 3.0,WD,,2048.0
WD My Passport® for Mac Unterstützt Time Machine mit Passwortschutz 3TB USB 3.0,WD,,3072.0
WD My Passport® for Mac Unterstützt Time Machine mit Passwortschutz 4TB USB 3.0,WD,,4096.0
WD My Book™ mit Passwortschutz und Software für die automatische Datensicherung 3TB Schwarz USB 3.0,WD,Schwarz,3072.0
WD My Book™ mit Passwortschutz und Software für die automatische Datensicherung 4TB Schwarz USB 3.0,WD,Schwarz,4096.0
WD My Book™ mit Passwortschutz und Software für die automatische Datensicherung 6TB Schwarz USB 3.0,WD,Schwarz,6144.0
WD My Book mit Passwortschutz und Software für die automatische Datensicherung™ 8TB Schwarz USB 3.0,WD,Schwarz,8192.0
WD My Passport® mit Kennwortschutz und Software für automatische Datensicherung 1TB Schwarz USB 3.0,WD,Orange,1024.0
WD My Passport® mit Kennwortschutz und Software für automatische Datensicherung 1TB Schwarz USB 3.0,WD,Gelb,1024.0
WD My Passport® mit Kennwortschutz und Software für automatische Datensicherung 3TB Schwarz USB 3.0,WD,Orange,3072.0
WD My Passport® mit Kennwortschutz und Software für automatische Datensicherung 3TB Schwarz USB 3.0,WD,Gelb,3072.0
WD My Passport® mit Kennwortschutz und Software für automatische Datensicherung 4TB Schwarz USB 3.0,WD,Orange,4096.0
WD My Passport® mit Kennwortschutz und Software für automatische Datensicherung 4TB Schwarz USB 3.0,WD,Gelb,4096.0
Sound BlasterX Siege M04 Gaming Maus,Sound,Schwarz,
CAT S40 Dual-SIM-LTE-Outdoor Smartphone + Powerbank,CAT,,16.0
"LogiLink XL Gaming-Mauspad, 330 x 250 mm, schwarz mit Bedruckung",LogiLink,Schwarz,
Honor 6X LTE-Dual-SIM Smartphone,Honor,Gold,32.0
Honor 6X LTE-Dual-SIM Smartphone,Honor,Silber,32.0
Honor 6X LTE-Dual-SIM Smartphone,Honor,Grau,32.0
Logitech M175 Funkmaus,Logitech,Schwarz,
CAT S40 Dual-SIM-LTE-Outdoor Smartphone + Autohalterung + Ladegerät,CAT,,16.0
Archos 50 Saphir Outdoor Smartphone,Archos,Schwarz,16.0
Archos 50f Helium LTE-Dual-SIM Smartphone,Archos,Blau,32.0
Archos 55 Diamond Selfie Lite LTE-Dual-SIM Smartphone,Archos,,16.0
WD My Passport™ Wireless Pro 4TB,WD,,4096.0
SKROSS World USB Charger ,SKROSS,Weiß,
USB-Ladestation 10-Port,USB-Ladestation,Schwarz,
Honor 6X LTE-Dual-SIM Smartphone,Honor,Grau,64.0
Honor 6X LTE-Dual-SIM Smartphone,Honor,Silber,64.0
Honor 6X LTE-Dual-SIM Smartphone,Honor,Gold,64.0
"LogiLink® USB Gaming-Maus, 2400 dpi, Schwarz",LogiLink®,Schwarz,
"LogiLink® Maus Optisch, beleuchtet, 1600 dpi, Weiß/Schwarz",LogiLink®,Weiß,
"LogiLink® Maus optisch Funk 2.4 GHz mit 3 Tasten, weiß",LogiLink®,Weiß,
"WD Blue 500GB 3.5"" SATA-III Bulk WD5000AZLX",WD,Blau,500.0
HP Wireless Maus 200,HP,schwarz,
Cherry MC 3000 - Weiß,Cherry,weiß,
Cherry MC 3000 - Schwarz,Cherry,schwarz,
"HP Envy x360 15-aq101ng Notebook 39.6 cm (15.6"") Silber",HP,Silber,1000.0
Keysonic ACK-109BL - Rollbare und wasserdichte Full-Size-Tastatur aus Silikon (blau)	,Keysonic,Blau,
Keysonic KSK-5020BT-L - Mini Bluetooth Tastatur mit Hintergrundbeleuchtung,Keysonic,Schwarz,
Archos 55 Graphite LTE-Dual-SIM Smartphone,Archos,graphite,16.0
Rapoo N1130 USB-Maus,Rapoo,Grau,
Rapoo 6010B Bluetooth®-Maus,Rapoo,Schwarz,
Rapoo 6010B Bluetooth®-Maus,Rapoo,Weiß,
Rapoo 7800P Funk-Maus,Rapoo,Schwarz,
Rapoo 3920P Funk-Maus,Rapoo,Schwarz,
Rapoo V16 USB-Gaming-Maus,Rapoo,Schwarz,
Rapoo V26 USB-Gaming-Maus,Rapoo,Schwarz,
Rapoo V26S USB-Gaming-Maus,Rapoo,Schwarz,
Dell MS116 USB Maus - Schwarz,Dell,schwarz,
Lenovo ThinkPad Laser USB Maus,Lenovo,schwarz,
HAMA AC-150 Webcam,HAMA,Schwarz,
"LogiLink® Golden Laser Mauspad, ""Aluminium"" Design",LogiLink®,Aluminium,
"LogiLink® Ultra dünnes Gaming Mauspad, schwarz",LogiLink®,Schwarz,
"ASUS Cerberus Gaming Maus (USB, 6 Tasten, 2.500 dpi, 1000Hz, rot beleuchtet, kabelgebunden), Schwarz",ASUS,Schwarz,
"Odys Winbook 13 Notebook 33.8 cm (13.3"") Gold",Odys,Gold,4.0
G-Technology G-Drive mobile USB 5400 U/min 1TB USB 3.0 Silber,G-Technology,Silber,1024.0
G-Technology G-Drive mobile USB 7200 U/min 1TB USB 3.0 Silber,G-Technology,Silber,1024.0
G-Technology G-Drive mobile Thunderbolt 1TB USB 3.0 und Thunderbolt,G-Technology,Silber,1024.0
G-Technology G-Drive G1 4TB USB 3.0,G-Technology,Silber,4096.0
G-Technology G-Drive ev ATC 1TB USB 3.0,G-Technology,,1024.0
G-Technology G-Drive G1 6TB USB 3.0,G-Technology,Silber,6144.0
G-Technology G-Drive G1 2TB USB 3.0,G-Technology,Silber,2048.0
G-Technology G-Drive G1 8TB USB 3.0,G-Technology,Silber,8192.0
G-DRIVE ev RaW SSD 1TB USB 3.0,G-DRIVE,,1024.0
G-Technology G-Drive mobileUSB 2TB USB 3.0 Schwarz,G-Technology,Schwarz,2048.0
G-Technology G-Drive mobileUSB 3TB USB 3.0 Schwarz,G-Technology,Schwarz,3072.0
G-Technology G-Drive mobile 1TB USB Typ-C Silber,G-Technology,Silber,1024.0
G-Technology G-Drive G1 10TB USB 3.0,G-Technology,Silber,10240.0
G-Technology G-Drive slim SSD 500GB USB Typ-C Silber,G-Technology,Silber,500.0
G-Technology G-Drive TB 4TB Thunderbolt 3 Silber,G-Technology,Silber,4096.0
G-Technology G-Drive TB 6TB Thunderbolt 3 Silber,G-Technology,Silber,6144.0
G-Technology G-Drive USB-C 4TB USB Typ-C Silber,G-Technology,Silber,4096.0
G-Technology G-Drive USB-C TB USB Typ-C Silber,G-Technology,Silber,8192.0
G-Technology G-Drive USB-C 10TB USB Typ-C Silber,G-Technology,Silber,10240.0
Logitech M238 Wireless Maus Go-Go Gold,Logitech,gold,
"Western Digital 10TB SATA 3,5"" WD100EFAX Red™ Serie",Western,Rot,10240.0
3Dconnexion CadMouse,3Dconnexion,schwarz,
Die ultimative Präzisionsmaus für Poweruser,Die,Graphite,
Logitech M590 Multi-Device Silent - Graphite Tonal,Logitech,Graphite,
Logitech M590 Multi-Device Silent - Ruby,Logitech,Ruby,
Sharkoon Shark Zone M52 USB Gaming Maus,Sharkoon,Schwarz,
CAT S40 LTE Outd. Smartphone + Powerbank,CAT,,16.0
Intenso Memory Center 6TB USB 3.0,Intenso,,6144.0
"WD Elements™ Portable - Externe 6.35 cm (2.5"") Festplatte USB 3.0",WD,,1024.0
honor 9 LTE-Dual-SIM Smartphone,honor,schwarz,64.0
honor 9 LTE-Dual-SIM Smartphone,honor,grau,64.0
honor 9 LTE-Dual-SIM Smartphone,honor,blau,64.0
WD Elements™ Portable 500GB USB 3.0 Schwarz,WD,Schwarz,500.0
WD Elements™ Portable 3TB USB 3.0 Schwarz,WD,Schwarz,3072.0
WD Elements™ Portable 2TB USB 3.0 Schwarz,WD,Schwarz,2048.0
honor 6A LTE-Dual-SIM Smartphone,honor,Blau,16.0
honor 6A LTE-Dual-SIM Smartphone,honor,Blau,16.0
honor 6A LTE-Dual-SIM Smartphone,honor,Blau,16.0
Mydo Silent Click Wireless Maus - Schwarz,Mydo,schwarz,
Mydo Silent Click Wireless Maus - Blau,Mydo,blau,
Mydo Silent Click Wireless Maus - Rot,Mydo,rot,
MS Surface Studio Dial silber,MS,Silber,
G-Technology G-Drive mobile  1TB USB 3.0 Black,G-Technology,Schwarz,1024.0
Logitech M100 USB Maus,Logitech,grau,
"LogiLink® Ergonomic Vertical Mouse, USB, schwarz",LogiLink®,schwarz,
Samsung Portable SSD T5 250GB USB Typ-C USB 3.1 Gen2,Samsung,aluminium,250.0
Samsung Portable SSD T5 500GB USB Typ-C USB 3.1 Gen2,Samsung,aluminium,500.0
Samsung Portable SSD T5 1TB USB Typ-C USB 3.1 Gen2,Samsung,aluminium,1024.0
Samsung Portable SSD T5 2TB USB Typ-C USB 3.1 Gen2,Samsung,aluminium,2048.0
Spiffy Ergo-Maus schwarz,Spiffy,Schwarz,
Geemarc Multimedia Tastatur mit XL-Tasten für Sehbehinderte,Geemarc,Schwarz,
G-DRIVE ev RaW SSD 500 GB USB 3.0,G-DRIVE,,500.0
G-Technology G-Drive® ev RaW 1TB USB 3.0,G-Technology,,1024.0
G-Technology G-Drive® ev RaW 2TB USB 3.0,G-Technology,,2048.0
G-Technology G-Raid Removable 8TB Thunderbolt 2 Silber,G-Technology,Silber,8192.0
G-Technology G-Raid Removable 12TB Thunderbolt 2 Silber,G-Technology,Silber,12288.0
G-Technology G-Raid Removable 16TB Thunderbolt 2 Silber,G-Technology,Silber,16384.0
G-Technology G-Raid Removable 20TB Thunderbolt 2 Silber,G-Technology,Silber,20480.0
G-Technology G-Raid Removable 8TB Thunderbolt 3 Silber,G-Technology,Silber,8192.0
G-Technology G-Raid Removable 12TB Thunderbolt 3 Silber,G-Technology,Silber,12288.0
G-Technology G-Raid Removable 16TB Thunderbolt 3 Silber,G-Technology,Silber,16384.0
G-Technology G-Raid Removable 20TB Thunderbolt 3 Silber,G-Technology,Silber,20480.0
G-Technology G-Raid Removable 24TB Thunderbolt 3 Silber,G-Technology,Silber,24576.0
G-Technology G-Raid USB G1 Removable 8TB USB 3.0 Silber,G-Technology,Silber,8192.0
G-Technology G-Raid USB G1 Removable 12TB USB 3.0 Silber,G-Technology,Silber,12288.0
G-Technology G-Raid USB G1 Removable 16TB USB 3.0 Silber,G-Technology,Silber,16384.0
"G-Technology G-Drive Thunderbolt 4TB Thunderbolt, USB 3.0 Silber",G-Technology,Silber,4096.0
"G-Technology G-Drive Thunderbolt 6TB Thunderbolt, USB 3.0 Silber",G-Technology,Silber,6144.0
"G-Technology G-Drive Thunderbolt 8TB Thunderbolt, USB 3.0 Silber",G-Technology,Silber,8192.0
"G-Technology G-Drive Thunderbolt 10TB Thunderbolt, USB 3.0 Silber",G-Technology,Silber,10240.0
G-Technology G-Drive Thunderbolt 3 8TB Silber,G-Technology,Silber,8192.0
G-Technology G-Drive Thunderbolt 3 10TB Silber,G-Technology,Silber,10240.0
G-Technology G-Drive slim SSD 1TB USB Typ-C,G-Technology,,1024.0
Cat® S41 - SHARE THE POWER,Cat®,schwarz,32.0
CAT S31 Outdoor-Smartphone,CAT,schwarz,16.0
"Kfz-Ladegerät, Micro-USB, 2.4 A","Kfz-Ladegerät,",Schwarz,
Dell WM126 Wireless Maus - Schwarz,Dell,schwarz,
SpeedLink Obsidia ergonomische USB-Maus,SpeedLink,Schwarz,
SpeedLink Manejo ergonomische USB-Maus,SpeedLink,Schwarz,
G-Technology SSD G-DRIVE mobile R-Series 500GB USB 3.1 Gen2,G-Technology,,500.0
G-Technology SSD G-DRIVE mobile R-Series 1TB USB 3.1 Gen2,G-Technology,,1024.0
G-Technology SSD G-DRIVE mobile R-Series 2TB USB 3.1 Gen2,G-Technology,,2048.0
"Western Digital 6TB SATA 3,5"" WD6002FZWX Desktop Black",Western,Schwarz,6144.0
USB-Ladestation Le family,USB-Ladestation,Schwarz,
Perixx Periboard-512 USB Tastatur - Weiß,Perixx,Weiß,
"WD Blue™ SSD 3D NANID 2.5"" (Zoll) 2TB WDS200T2B0A",WD,Blau,2048.0
"WD Blue™ SSD 3D NANID 2.5"" (Zoll) 1TB WDS100T2B0A",WD,Blau,1024.0
"WD Blue™ SSD 3D NAND - Interne SSD 6.35 cm (2.5"") 500 GB",WD,Blau,500.0
"WD Blue™ SSD 3D NANID 2.5"" (Zoll) 250GB WDS250G2B0A",WD,Blau,250.0
Perixx Periboard-512 Ergonomische USB Tastatur - Schwarz,Perixx,Schwarz,
G-Technology G-Drive mobile USB 5400 U/min 1TB USB 3.0 Silber,G-Technology,Silber,1024.0
G-Technology G-Drive mobile Externe Festplatte 6.35 cm (2.5 Zoll) 2 TB Silber USB 3.0,G-Technology,Silber,2048.0
honor 7X LTE-Dual-SIM Smartphone,honor,Schwarz,64.0
honor 7X LTE-Dual-SIM Smartphone,honor,Schwarz,64.0
honor 7X LTE-Dual-SIM Smartphone,honor,Schwarz,64.0
Matias Aluminum Erweiterte USB Tastatur dt. für Mac OS,Matias,Aluminium,
honor View 10 LTE-Dual-SIM Smartphone - Bist du bereit für AI?,honor,Blau,128.0
Trekstor Primebook P14B 64 GB schwarz + inklusive Microsoft Office 365 (1 Jahr kostenlos),Trekstor,Schwarz,64.0
honor 6C Pro LTE-Dual-SIM Smartphone,honor,,32.0
honor 6C Pro LTE-Dual-SIM Smartphone,honor,,32.0
honor 6C Pro LTE-Dual-SIM Smartphone,honor,,32.0
WD Elements 6TB USB 3.0,WD,,6144.0
"SAMSUNG SSD 2.5"" 860 PRO 256GB",SAMSUNG,,256.0
"SAMSUNG SSD 2.5"" 860 PRO 512GB",SAMSUNG,,512.0
"SAMSUNG SSD 2.5"" 860 PRO 1TB",SAMSUNG,,1024.0
"SAMSUNG SSD 2.5"" 860 PRO 2TB",SAMSUNG,,2048.0
"SAMSUNG SSD 2.5"" 860 EVO 250GB",SAMSUNG,,250.0
"SAMSUNG SSD 2.5"" 860 EVO 500GB",SAMSUNG,,500.0
"SAMSUNG SSD 2.5"" 860 EVO 1TB",SAMSUNG,,1024.0
"SAMSUNG SSD 2.5"" 860 EVO 2TB",SAMSUNG,,2048.0
"SAMSUNG SSD 2.5"" 860 EVO 4TB",SAMSUNG,,4096.0
Samsung SSD mSATA 860 EVO 250GB,Samsung,,250.0
Samsung SSD mSATA 860 EVO 500GB,Samsung,,500.0
Samsung SSD mSATA 860 EVO 1TB,Samsung,,1024.0
Samsung SSD M.2 860 EVO 250GB,Samsung,,250.0
Samsung SSD M.2 860 EVO 500GB,Samsung,,500.0
Samsung SSD M.2 860 EVO 1TB,Samsung,,1024.0
Samsung SSD M.2 860 EVO 2TB,Samsung,,2048.0
Logitech® M100 USB Maus,Logitech®,Weiß,
honor 9 Lite LTE-Dual-SIM Smartphone,honor,Schwarz,32.0
honor 9 Lite LTE-Dual-SIM Smartphone,honor,blau,32.0
honor 9 Lite LTE-Dual-SIM Smartphone,honor,grau,32.0
Crucial SSD MX500 6.35 cm (2.5 Zoll) 250GB SATA-III,Crucial,,250.0
Crucial SSD MX500 6.35 cm (2.5 Zoll) 500GB SATA-III,Crucial,,500.0
Crucial SSD MX500 6.35 cm (2.5 Zoll) 1TB SATA-III,Crucial,,1024.0
Crucial SSD M.2 MX500 250GB,Crucial,,250.0
Crucial SSD M.2 MX500 1TB,Crucial,,1024.0
Crucial SSD M.2 MX500 500GB,Crucial,,500.0
Crucial SSD MX500 6.35 cm (2.5 Zoll) 2TB SATA-III,Crucial,,2048.0
WD My Passport™ Wireless SSD 500GB,WD,,500.0
WD My Passport™ Wireless SSD 1TB,WD,,1024.0
SanDisk SSD Extreme® Portable 2TB USB 3.1 Typ-C Schwarz,SanDisk,Schwarz,2048.0
Vakoss® TM-741 Wireless Maus ohne Klickgeräusche,Vakoss®,blau,
Manhattan Edge USB Maus - Blau,Manhattan,blau,
Manhattan Edge USB Maus - Rot,Manhattan,rot,
Dell MS116 USB Maus - Grau,Dell,grau,
Dell MS116 USB Maus - Weiß,Dell,weiß,
Acer Extensa 2540-530F Notebook 15.6 sw,Acer,Schwarz,4.0
"Acer Extensa 2540-59C1 - 15,6"" Notebook - Core i5 Mobile 2,5 GHz 39,6 cm",Acer,Schwarz,4.0
USB-Kfz-Ladegerät Duo 2.4,USB-Kfz-Ladegerät,Schwarz,
USB-Kfz-Ladegerät Duo 3.4,USB-Kfz-Ladegerät,Schwarz,
Steckerlader mit Apple Lightning Stecker,Steckerlader,Weiß,
"SAMSUNG SSD 2.5"" 860 PRO 4TB",SAMSUNG,,4096.0
WD My Book mit Passwortschutz und Software für die automatische Datensicherung™ 10TB Schwarz USB 3.0,WD,Schwarz,10240.0
honor 7C LTE-Smartphone,honor,schwarz,32.0
honor 7C LTE-Smartphone,honor,blau,32.0
G-technology G-Drive Pro SSD Thunderbolt 3 7.68 TB,G-technology,,7864.0
G-technology G-SPEED™ Shuttle SSD mit Thunderbolt™ 3 8TB,G-technology,,8192.0
G-technology G-SPEED™ Shuttle SSD mit Thunderbolt™ 3 16TB,G-technology,,16384.0
G-technology G-Drive Pro SSD Thunderbolt 3 3.84TB,G-technology,,3932.0
G-technology G-Drive Pro SSD Thunderbolt 3 1.92TB,G-technology,,1966.0
G-technology G-Drive Pro SSD Thunderbolt 3 960GB,G-technology,,960.0
G-technology G-Drive mobile PRO SSD Thunderbolt 3 500GB,G-technology,,500.0
G-technology G-Drive mobile PRO SSD Thunderbolt 3 1TB,G-technology,,1024.0
Perixx PERIMICE-802 Wireless Maus,Perixx,schwarz,
Trust Carve Wireless Maus,Trust,Schwarz,
Trust VIVY Wireless Mini Maus,Trust,Schwarz,
Trust Yvi FX Wireless Maus,Trust,schwarz,
Trust Oni Wireless Maus,Trust,Schwarz,
Trust Optical USB Maus,Trust,Schwarz,
WD Elements™ Portable 4TB USB 3.0 Schwarz,WD,Schwarz,4096.0
3Dconnexion CadMouse Pad Compact Schwarz,3Dconnexion,Schwarz,
honor 10 LTE-Smartphone - Beauty in AI,honor,,64.0
honor 10 LTE-Smartphone - Beauty in AI,honor,,64.0
honor 10 LTE-Smartphone - Beauty in AI,honor,,64.0
WD SSD Black™ NVMe™ 250GB M.2,WD,Schwarz,250.0
WD SSD Black™ NVMe™ 500GB M.2,WD,Schwarz,500.0
WD SSD Black™ NVMe™ 1TB M.2,WD,Schwarz,1024.0
WD My Passport® mit Kennwortschutz und Software für automatische Datensicherung 2TB Schwarz USB 3.0,WD,Schwarz,2048.0
"Western Digital 8TB SATA 3,5"" WD80EFAX Red™ Serie",Western,Rot,8192.0
honor 10 LTE-Smartphone - Beauty in AI,honor,grün,64.0
Logitech® M105 USB Maus,Logitech®,blau,
Logitech® M105 USB Maus,Logitech®,rot,
HP QY777AA optische USB Maus,HP,Schwarz,
"HP Envy 17-bw0003ng Notebook, Silber",HP,Silber,
"HP Pavilion 15-cs0005ng Notebook, Silber",HP,Silber,25.0
"HP Pavilion 17-ab402ng Notebook, Schwarz",HP,Schwarz,
HP 17-by0151ng Notebook Schwarz,HP,Schwarz,5.0
"HP Pavilion x360 14-cd0003ng Notebook, Silber",HP,Silber,256.0
"HP Pavilion x360 14-cd0102ng Notebook, Schwarz",HP,Schwarz,
Corsair M.2 SSD Force MP300 120GB TLC  NVMe,Corsair,,120.0
Corsair M.2 SSD Force MP300 240GB TLC  NVMe,Corsair,,240.0
Corsair M.2 SSD Force MP300 960GB TLC  NVMe,Corsair,,960.0
USB-Ladegerät OTRA2,USB-Ladegerät,Weiß,
USB-Ladegerät OTRA2,USB-Ladegerät,Schwarz,
honor 9 Lite LTE-Smartphone,honor,,64.0
honor 9 Lite LTE Smartphone,honor,blau,64.0
honor 9 Lite LTE Smartphone,honor,grau,64.0
WD Elements 8TB USB 3.0,WD,,8192.0
WD Elements 10TB USB 3.0,WD,,10240.0
"Crucial® BX500 SSD BX500 120GB 2.5"" SATA-III",Crucial®,,120.0
"Crucial® BX500 SSD BX500 240GB 2.5"" SATA-III",Crucial®,,240.0
"Crucial® BX500 SSD BX500 480GB 2.5"" SATA-III",Crucial®,,480.0
Verbatim SSD Vi500 S3 120GB SATA-III,Verbatim,,120.0
Verbatim SSD Vi500 S3 240GB SATA-III,Verbatim,,240.0
Verbatim SSD Vi500 S3 480GB SATA-III,Verbatim,,480.0
Crucial M.2 SSd P1 500GB NVMe™ PCIe®,Crucial,,500.0
Crucial M.2 SSd P1 1TB NVMe™ PCIe®,Crucial,,1024.0
WD Gaming Drive 2TB mobiler Gaming-Speicher PLayStation 4 USB Tpye-C Schwarz/Blau,WD,Schwarz,2048.0
WD Gaming Drive 4TB mobiler Gaming-Speicher PLayStation 4 USB Tpye-C Schwarz/Blau,WD,Schwarz,4096.0
WD Mainstream Retail Kit Interne Festplatte 8TB SATA-III,WD,,8192.0
WD Mainstream Retail Kit Interne Festplatte 10TB SATA-III,WD,,10240.0
"Western Digital 6TB SATA 3,5"" WD6003FZBX Desktop Black",Western,Schwarz,6144.0
"Western Digital 4TB SATA 3,5"" WD4005FZBX Desktop Black",Western,Schwarz,4096.0
Samsung SSD 860 QVO 1TB,Samsung,,1024.0
Samsung SSD 860 QVO 2TB,Samsung,,2048.0
Samsung SSD 860 QVO 4TB,Samsung,,4096.0
Lian Li Strimer 24-Pin RGB Mainboardkabel,Lian,RGB,
Seagate Game Drive für PS4 1TB USB 3.0,Seagate,Schwarz,1024.0
"Manhattan Power Delivery USB-Netzteil – 45 W Ladegerät mit USB-C Power Delivery-Port (PD 3.0) mit bis zu 45 W USB-A-Ladeport bis zu 2,4 A schwarz",Manhattan,Schwarz,
"Manhattan Power Delivery USB-Netzteil – 45 W Ladegerät mit USB-C Power Delivery-Port (PD 3.0) mit bis zu 45 W USB-A-Ladeport bis zu 2,4 A weiß",Manhattan,Weiß,
"Manhattan Power Delivery USB-Netzteil mit integriertem USB-C-Kabel – 60 W Ladegerät mit USB-C Power Delivery-Port (PD 3.0) mit bis zu 60 W USB-A Ladeport bis zu 2,4 A schwarz",Manhattan,Schwarz,
"Manhattan Power Delivery USB-Netzteil mit integriertem USB-C-Kabel – 60 W Ladegerät mit USB-C Power Delivery-Port (PD 3.0) mit bis zu 60 W USB-A Ladeport bis zu 2,4 A weiß",Manhattan,Weiß,
"Manhattan Power Delivery USB-Netzteil – 60 W Ladegerät mit USB-C Power Delivery-Port (PD 3.0) mit bis zu 60 W USB-A Ladeport bis zu 2,4 A schwarz",Manhattan,Schwarz,
"Manhattan Power Delivery USB-Netzteil – 60 W Ladegerät mit USB-C Power Delivery-Port (PD 3.0) mit bis zu 60 W USB-A Ladeport bis zu 2,4 A weiß",Manhattan,Weiß,
ASUS FX Gaming  AURA Sync RGB 1TB USB 3.1 Gen1,ASUS,,1024.0
ASUS FX Gaming  AURA Sync RGB 2TB USB 3.1 Gen1,ASUS,,2048.0
WD My Passport™ Ultra 1TB Silber USB Typ-C™,WD,Silber,1024.0
WD My Passport™ Ultra 2TB Blau USB Typ-C™,WD,Blau,2048.0
WD My Passport™ Ultra 2TB - Externe Festplatte Silber USB Typ-C™,WD,Silber,2048.0
WD My Passport™ Ultra 4TB Blau USB Typ-C™,WD,Blau,4096.0
WD My Passport™ Ultra 4TB Silber USB Typ-C™,WD,Silber,4096.0
WD My Passport™ Ultra for Mac 2TB USB Typ-C™ Silber,WD,Silber,2048.0
WD My Passport™ Ultra for Mac 4TB USB Typ-C™ Silber,WD,Silber,4096.0
LaCie Mobile Drive HDD 1TB USB Type-C™ Moon Silber,LaCie,Silber,1024.0
LaCie Mobile Drive HDD 2TB USB Type-C™ Moon Silber,LaCie,Silber,2048.0
LaCie Mobile Drive HDD 4TB USB Type-C™ Moon Silber,LaCie,Silber,4096.0
LaCie Mobile Drive HDD 5TB USB Type-C™ Moon Silber,LaCie,Silber,5120.0
Seagate Backup Plus Ultra Touch 1TB  USB Type-C™ Schwarz,Seagate,Schwarz,1024.0
Seagate Backup Plus Ultra Touch 2TB  USB Type-C™ Schwarz,Seagate,Schwarz,2048.0
Seagate Backup Plus Ultra Touch 2TB  USB Type-C™ Weiß,Seagate,Weiß,2048.0
Seagate Backup Plus Ultra Touch 1TB  USB Type-C™ Weiß,Seagate,Weiß,1024.0
Seagate BackupPlus Portable 5TB USB 3.0 Hellblau,Seagate,Hellblau,5120.0
Seagate BackupPlus Portable 4TB USB 3.0 Hellblau,Seagate,Hellblau,4096.0
Seagate Backup Plus Slim 1TB USB 3.0 Schwarz,Seagate,Schwarz,1024.0
Seagate BackupPlus Portable 5TB USB 3.0 Silber,Seagate,Silber,5120.0
Seagate BackupPlus Portable 4TB USB 3.0 Silber,Seagate,Silber,4096.0
Seagate BackupPlus Portable 5TB USB 3.0 Schwarz,Seagate,Schwarz,5120.0
Seagate BackupPlus Portable 4TB USB 3.0 Schwarz,Seagate,Schwarz,4096.0
Seagate Backup Plus Slim 1TB USB 3.0 Hellblau,Seagate,Hellblau,1024.0
Seagate Backup Plus Slim 2TB USB 3.0 Hellblau,Seagate,Hellblau,2048.0
Seagate Backup Plus Slim 2TB USB 3.0 Silber,Seagate,Silber,2048.0
Seagate Backup Plus Slim 1TB USB 3.0 Silber,Seagate,Silber,1024.0
Seagate Backup Plus Slim 2TB USB 3.0 Schwarz,Seagate,Schwarz,2048.0
WD Black SN750 High-Performance NVMe M.2 interne Gaming SSD 1TB PICe 3.0 x4,WD,Schwarz,1024.0
WD Black SN750 High-Performance NVMe M.2 interne Gaming SSD 250GB PICe 3.0 x4,WD,Schwarz,250.0
WD Black SN750 High-Performance NVMe M.2 interne Gaming SSD 500GB PICe 3.0 x4,WD,Schwarz,500.0
WD My Passport™ GO 500GB USB 3.0 Schwarz-Blau,WD,Schwarz,500.0
WD My Passport™ GO 500GB USB 3.0 Schwarz-Gelb,WD,Schwarz,500.0
My Passport™ GO - Externes SSD-Laufwerk 1 TB USB 3.0,My,,1024.0
WD My Passport™ GO 1TB USB 3.0 Schwarz-Gelb,WD,Schwarz,1024.0
"Verbatim SSD VI500 S3 2.5"" 128GB SATA-III",Verbatim,,128.0
"Verbatim SSD VI500 S3 2.5"" 256GB SATA-III",Verbatim,,256.0
"Verbatim SSD VI500 S3 2.5"" 512GB SATA-III",Verbatim,,512.0
"Crucial® BX500 SSD BX500 960GB 2.5"" SATA-III",Crucial®,,960.0
"Western Digital 6TB SATA 3,5"" WD60EFAX Red™ Serie",Western,Rot,6144.0
G-Tech G-DRIVE USB Externe Festplatte 4000 GB Silber,G-Tech,Silber,10240.0
Samsung Portable SSD T5 1TB USB Typ-C USB 3.1 Gen2 Rot,Samsung,rot,1024.0
Samsung Portable SSD T5 500GB USB Typ-C USB 3.1 Gen2 Rose Gold,Samsung,Gold,1024.0
Samsung Portable SSD T5 500GB USB Typ-C USB 3.1 Gen2 Rot,Samsung,Rot,500.0
Samsung Portable SSD T5 500GB USB Typ-C USB 3.1 Gen2 Rose Gold,Samsung,Gold,500.0
Raspberry Pi® Tastatur schwarz mit USB Hub,Raspberry,Schwarz,
Raspberry Pi® Tastatur weiss/rot inkl. USB Hub,Raspberry,Weiß-Rot,
Raspberry Pi® USB-Maus optisch Schwarz,Raspberry,Schwarz,
G-Technology ArmorATD™ 1TB USB Type-C™,G-Technology,,1024.0
G-Technology ArmorATD™ 2TB USB Type-C™,G-Technology,,2048.0
G-Technology ArmorATD™ 4TB USB Type-C™,G-Technology,,4096.0
USB-Kfz-Lader Robust-QC3,USB-Kfz-Lader,Gold,
G-Technology G-SPEED Shuttle XL 96TB Thunderbolt™ 3,G-Technology,,98304.0
G-technology G-SPEED Shuttle XL ev 32TB Thunderbolt™ 3,G-technology,,73728.0
G-Technology G-SPEED Shuttle XL 64TB Thunderbolt™ 3,G-Technology,,65536.0
G-technology G-SPEED Shuttle XL ev 64TB Thunderbolt™ 3,G-technology,,65536.0
G-Technology G-SPEED Shuttle 32TB Thunderbolt™ 3,G-Technology,,32768.0
G-Technology G-SPEED Shuttle 24TB Thunderbolt™ 3,G-Technology,,24576.0
G-technology G-SPEED Shuttle XL ev 24TB Thunderbolt™ 3,G-technology,,24576.0
G-technology G-SPEED Shuttle XL ev 36TB Thunderbolt™ 3,G-technology,,36864.0
G-Technology G-SPEED Shuttle XL 48TB Thunderbolt™ 3,G-Technology,,49152.0
G-Technology G-SPEED Shuttle 16TB Thunderbolt™ 3,G-Technology,,16384.0
G-Technology G-SPEED Shuttle XL 32TB Thunderbolt™ 3,G-Technology,,32768.0
G-Technology G-SPEED Shuttle XL 80TB Thunderbolt™ 3,G-Technology,,81920.0
G-Technology G-SPEED Shuttle ev 20TB Thunderbolt™ 3,G-Technology,,20480.0
G-technology G-SPEED Shuttle XL ev 48TB Thunderbolt™ 3,G-technology,,49152.0
G-Technology G-SPEED Shuttle 48TB Thunderbolt™ 3,G-Technology,,49152.0
WD Black SN750 High-Performance NVMe M.2 interne Gaming Heatsink SSD 500GB PICe 3.0 x4,WD,Schwarz,500.0
WD Black SN750 High-Performance NVMe M.2 interne Gaming SSD 1TB PICe 3.0 x4,WD,Schwarz,1024.0
WD Black SN750 High-Performance NVMe M.2 interne Gaming SSD 2TB PICe 3.0 x4,WD,Schwarz,2048.0
"Hyundai SSD Sapphire 120GB SATA-III 2.5"" Retail",Hyundai,,120.0
"Hyundai SSD Sapphire 240GB SATA-III 2.5"" Retail",Hyundai,,240.0
"Hyundai SSD Sapphire 480GB SATA-III 2.5"" Retail",Hyundai,,480.0
Crosscall Trekker M1 Core,Crosscall,,16.0
Extreme Pro® Portable SSD,Extreme,aluminium,1024.0
"club3D USB Typ-C Ladegerät bis zu 27W, Schwarz",club3D,Schwarz,
"club3D CAC-1903EU USB-Ladegerät, Schwarz",club3D,Schwarz,
Lenovo 300e (2nd Gen) 81M9 - Flip-Design (Campus),Lenovo,Schwarz,
WD My Book mit Passwortschutz und Software für die automatische Datensicherung™ 12TB Schwarz USB 3.0,WD,Schwarz,12288.0
WD Elements 12TB USB 3.0,WD,,12288.0
WD My Passport™ 1TB Schwarz USB 3.0 Kennwortschutz und Software für automatische Datensicherung,WD,Schwarz,1024.0
"My Passport™ - Externe Festplatte 6.35 cm (2.5"") 2TB USB 3.0",My,Schwarz,2048.0
WD My Passport™ 2TB Blau USB 3.0 Kennwortschutz und Software für automatische Datensicherung,WD,Blau,2048.0
WD My Passport™ 2TB Rot USB 3.0 Kennwortschutz und Software für automatische Datensicherung,WD,Rot,2048.0
WD My Passport™ 4TB Schwarz USB 3.0 Kennwortschutz und Software für automatische Datensicherung,WD,Schwarz,4096.0
WD My Passport™ 4TB Blau USB 3.0 Kennwortschutz und Software für automatische Datensicherung,WD,Blau,4096.0
WD My Passport™ 4TB Rot USB 3.0 Kennwortschutz und Software für automatische Datensicherung,WD,Rot,4096.0
WD My Passport™ for Mac 2TB Blau USB Type™-C,WD,Blau,2048.0
WD My Passport™ for Mac 4TB Blau USB Type™-C,WD,Blau,4096.0
WD My Passport™ for Mac 5TB Blau USB Type™-C,WD,Blau,5120.0
WD My Passport™ 5TB Schwarz USB 3.0 Kennwortschutz und Software für automatische Datensicherung,WD,Schwarz,5120.0
WD My Passport™ GO 2TB USB 3.0 Schwarz-Blau,WD,Schwarz,2048.0
WD My Passport™ GO 2TB USB 3.0 Schwarz-Gelb,WD,Schwarz,2048.0
LaCie Rugged® SSD PRO 1TB Thunderbolt™ 3,LaCie,,1024.0
LaCie Rugged® SSD PRO 2TB Thunderbolt™ 3,LaCie,,2048.0
LaCie Rugged Mini 5TB USB 3.0,LaCie,Orange,5120.0
LaCie Rugged® SSD 500GB USB Type-C,LaCie,,500.0
LaCie Rugged® SSD 1TB USB Type-C,LaCie,,1024.0
LaCie Rugged® SSD 2TB USB Type-C,LaCie,,2048.0
"Western Digital Gold™ 1TB Bulk 3.5"" (8.89 cm) SATA-III WD1005FBYZ",Western,Gold,1024.0
"Western Digital Gold™ 2TB Bulk 3.5"" (8.89 cm) SATA-III WD2005FBYZ",Western,Gold,2048.0
"Western Digital Gold™ 12TB Bulk 3.5"" (8.89 cm) SATA-III WD121KRYZ",Western,Gold,12288.0
"Western Digital Gold™ 8TB Bulk 3.5"" (8.89 cm) SATA-III WD8004FRYZ",Western,Gold,8192.0
"Western Digital Gold™ 4TB Bulk 3.5"" (8.89 cm) SATA-III WD4003FRYZ",Western,Gold,4096.0
"Western Digital Gold™ 6TB Bulk 3.5"" (8.89 cm) SATA-III WD6003FRYZ",Western,Gold,6144.0
"Western Digital Gold™ 10TB Bulk 3.5"" (8.89 cm) SATA-III WD102KRYZ",Western,Gold,10240.0
"Western Digital Gold™ 14TB Bulk 3.5"" (8.89 cm) SATA-III WD141KRYZ",Western,Gold,14336.0
"Contour RollerMouse Red Max, Schwarz",Contour,schwarz,
"Contour Mouse L für Linkshänder, Wireless, Grau",Contour,Grau,
"Contour Mouse L für Rechtshänder, Wireless, Grau",Contour,Grau,
"Contour Mouse M für Linkshänder, Wireless, Grau",Contour,Grau,
"Contour Mouse M für Rechtshänder, Wireless, Grau",Contour,Grau,
"Contour Mouse S für Rechtshänder, Wireless, Grau",Contour,Grau,
"Contour Universal ArmSupport, Schwarz",Contour,Schwarz,
"Contour Roller Mouse Red/Red Plus Armauflage, Schwarz",Contour,Schwarz,
"Contour RollerMouse Red Handgelenksstütze, Schwarz",Contour,Schwarz,
"Contour RollerMouse Red Plus Handgelenksstütze, Schwarz",Contour,Schwarz,
"Contour RollerWave 3 Handgelenksstütze, Schwarz",Contour,Schwarz,
"Contour Balance Handgelenksstütze, Schwarz",Contour,Schwarz,
"Western Digital 2TB SATA 3,5"" WD20EFAX Red™ Serie",Western,Rot,2048.0
WD Red™ SA500 SSD M.2 2TB ,WD,Rot,2048.0
WD Red™ SA500 SSD M.2 1TB,WD,Rot,1024.0
"WD Red™ SA500 SSD 2.5"" SATA-III 4TB",WD,Rot,4096.0
WD Red™ SA500 SSD M.2 500GB ,WD,Rot,500.0
"WD Red™ SA500 SSD 2.5"" SATA-III 2TB",WD,Rot,2048.0
"WD Red™ SA500 SSD 2.5"" SATA-III 1TB",WD,Rot,1024.0
"WD Red™ SA500 SSD 2.5"" SATA-III 500GB",WD,Rot,500.0
"Western Digital 14TB SATA 3,5"" WD140EFFX Red™ Serie",Western,Rot,14336.0
USB-Steckerladegerät 4-fach,USB-Steckerladegerät,Schwarz,
Seagate BackupPlus Slim 1TB USB 3.0 Rot,Seagate,Rot,1024.0
Seagate BackupPlus Slim 2TB USB 3.0 Rot,Seagate,Rot,2048.0
Seagate BackupPlus Portable 4TB USB 3.00 Rot,Seagate,Rot,4096.0
Seagate BackupPlus Portable 5TB USB 3.00 Rot,Seagate,Rot,5120.0
Motorola Moto G8 Plus,Motorola,,
Motorola Moto G8 Plus,Motorola,,
Motorola One Macro,Motorola,Blau,64.0
Motorola One Macro,Motorola,Violett,64.0
LaCie Mobile Drive 1TB USB 3.0 Moon Silber,LaCie,Silber,1024.0
LaCie Mobile Drive 2TB USB 3.0 Moon Silber,LaCie,Silber,2048.0
LaCie Mobile Drive 4TB USB 3.0 Moon Silber,LaCie,Silber,4096.0
Samsung SSD Portable SSD T7 Touch 500GB USB 3.2 Schwarz,Samsung,Schwarz,500.0
Samsung SSD Portable SSD T7 Touch 500GB USB 3.2 Silber,Samsung,Silber,500.0
Samsung SSD Portable SSD T7 Touch 1TB USB 3.2 Schwarz,Samsung,schwarz,1024.0
Samsung SSD Portable SSD T7 Touch 1TB USB 3.2 Silber,Samsung,Silber,1024.0
Samsung SSD Portable SSD T7 Touch 2TB USB 3.2 Schwarz,Samsung,Schwarz,2048.0
Samsung SSD Portable SSD T7 Touch 2TB USB 3.2 Silber,Samsung,Silber,2048.0
WD My Book mit Passwortschutz und Software für die automatische Datensicherung™ 14TB Schwarz USB 3.0,WD,Schwarz,14336.0
"Western Digital 12TB SATA 3,5"" WD120EFAX Red™ Serie",Western,Rot,12288.0
"<b>Das 13"" (33.8 cm) MacBook Pro mit Touch Bar. Mehr Leistung. Mehr Performance. Pro wie noch nie.</b>",<b>Das,grau,
Motorola Moto G8 Plus,Motorola,Dunkelblau,64.0
Motorola Moto G8 Plus,Motorola,Schwarz,64.0
Verbatim M.2 SSD VI560 256GB,Verbatim,,256.0
Verbatim M.2 SSD VI560 512GB,Verbatim,,512.0
Verbatim M.2 SSD VI560 1TB,Verbatim,,1024.0
Samsung SSD Portable T7 500GB USB 3.2 (Gen2) Rot,Samsung,Rot,500.0
Samsung SSD Portable T7 500GB USB 3.2 (Gen2) Blau,Samsung,Blau,500.0
Samsung SSD Portable T7 500GB USB 3.2 (Gen2) Grau,Samsung,Grau,500.0
Samsung SSD Portable T7 1TB USB 3.2 (Gen2) Rot,Samsung,Rot,1024.0
Samsung SSD Portable T7 1TB USB 3.2 (Gen2) Blau,Samsung,Blau,1024.0
Samsung SSD Portable T7 1TB USB 3.2 (Gen2) Grau,Samsung,Grau,1024.0
Samsung SSD Portable T7 2TB USB 3.2 (Gen2) Rot,Samsung,Rot,2048.0
Samsung SSD Portable T7 2TB USB 3.2 (Gen2) Blau,Samsung,Blau,2048.0
Samsung SSD Portable T7 2TB USB 3.2 (Gen2) Grau,Samsung,Grau,2048.0
"Das 13"" MacBook Pro",Das,grau,
"Das 13"" MacBook Pro. Erhältlich bei Conrad Electronic.<br>Power brauchst du überall.<br>",Das,grau,
"Das 13"" MacBook Pro. Erhältlich bei Conrad Electronic.<br>Power brauchst du überall.<br>",Das,grau,
"Das 13"" MacBook Pro. Erhältlich bei Conrad Electronic.<br>Power brauchst du überall.<br>",Das,grau,
"Das 13"" MacBook Pro. Erhältlich bei Conrad Electronic.<br>Power brauchst du überall.",Das,grau,
"Das 13"" MacBook Pro. Erhältlich bei Conrad Electronic.<br>Power brauchst du überall.",Das,grau,
"Das 13"" MacBook Pro. Erhältlich bei Conrad Electronic.<br>Power brauchst du überall.",Das,grau,
Seagate Expansion 3TB USB 3.0 Schwarz,Seagate,Schwarz,3072.0
Seagate Expansion 5TB USB 3.0 Schwarz,Seagate,Schwarz,5120.0
"Crucial® BX500 SSD BX500 1TB 2.5"" SATA-III",Crucial®,,1024.0
"Western Digital 4TB SATA 3,5"" WD40EFAX Red™ Serie",Western,Rot,4096.0
"WD Blue 6TB 3.5"" SATA-III Bulk WD60EZAZ",WD,Blau,6144.0
"Interne SATA SSD 6.35 c (2.5"") 870 QVO 1TB",Interne,,1024.0
Samsung 870 QVO 2TB - Interne SATA SSD,Samsung,,2048.0
Samsung 870 QVO 4TB,Samsung,,4096.0
Samsung 870 QVO 8TB,Samsung,,8192.0
"Western Digital 10TB SATA 3,5"" WD101EFAX Red™ Serie",Western,Rot,10240.0
Western Digital WD Red™ Pro Interne Festplatte 8.9 cm (3.5 Zoll) SATA 6 Gb/s 10 TB,Western,Rot,10240.0
"Western Digital 4TB SATA 3,5"" WD30EFAX Red™ Serie",Western,Rot,3072.0
Samsung G990B S21 FE 5G 256 GB (Lavender),Samsung,,256.0
Samsung G990B S21 FE 5G 256 GB (Graphite),Samsung,graphite,256.0
Samsung G990B S21 FE 5G 256 GB (Olive),Samsung,,256.0
Samsung G990B S21 FE 5G 256 GB (White),Samsung,Weiß,256.0
Samsung G990B S21 FE 5G 128 GB (Lavender),Samsung,,128.0
Samsung G990B S21 FE 5G 128 GB (Olive),Samsung,,128.0
Samsung G990B S21 FE 5G 128 GB (Graphite),Samsung,graphite,128.0
Samsung G990B S21 FE 5G 128 GB (White),Samsung,Weiß,128.0
"ednet Optische Notebook Maus, schwarz",ednet,Schwarz,
"ednet Optische Notebook Maus, blau",ednet,Blau,
"ednet Optische Notebook Maus, rot",ednet,Rot,
